Product Name,Average Sales,Reorder Point
"""While you Were Out"" Message Book, One Form per Page",8.409333333333334,42.046666666666674
"#10 Gummed Flap White Envelopes, 100/Box",10.325,51.625
#10 Self-Seal White Envelopes,27.1705,135.8525
"#10 White Business Envelopes,4 1/8 x 9 1/2",63.202333333333335,316.01166666666666
"#10- 4 1/8"" x 9 1/2"" Recycled Envelopes",28.6672,143.336
"#10- 4 1/8"" x 9 1/2"" Security-Tint Envelopes",18.336,91.67999999999999
"#10-4 1/8"" x 9 1/2"" Premium Diagonal Seam Envelopes",88.144,440.72
#6 3/4 Gummed Flap White Envelopes,17.82,89.1
"1.7 Cubic Foot Compact ""Cube"" Office Refrigerators",451.0133333333333,2255.0666666666666
"1/4 Fold Party Design Invitations & White Envelopes, 24 8-1/2"" X 11"" Cards, 25 Env./Pack",24.990000000000002,124.95000000000002
12 Colored Short Pencils,6.066666666666666,30.333333333333332
12-1/2 Diameter Round Wall Clock,68.931,344.655
14-7/8 x 11 Blue Bar Computer Printout Paper,105.688,528.44
2300 Heavy-Duty Transfer File Systems by Perma,86.181,430.905
"24 Capacity Maxi Data Binder Racks, Pearl",884.31,4421.549999999999
24-Hour Round Wall Clock,81.252,406.26
3-ring staple pack,7.0186666666666655,35.09333333333333
3.6 Cubic Foot Counter Height Office Refrigerator,589.24,2946.2
36X48 HARDFLOOR CHAIRMAT,61.54133333333334,307.7066666666667
"3D Systems Cube Printer, 2nd Generation, Magenta",7149.945,35749.725
"3D Systems Cube Printer, 2nd Generation, White",1169.991,5849.955
3M Hangers With Command Adhesive,13.504999999999999,67.52499999999999
3M Office Air Cleaner,129.9,649.5
3M Organizer Strips,11.879999999999999,59.39999999999999
3M Polarizing Light Filter Sleeves,54.085,270.425
"3M Polarizing Task Lamp with Clamp Arm, Light Gray",547.92,2739.6
3M Replacement Filter for Office Air Cleaner for 20' x 33' Room,75.84,379.20000000000005
4009 Highlighters,8.04,40.199999999999996
4009 Highlighters by Sanford,21.3925,106.96249999999999
50 Colored Long Pencils,27.635199999999998,138.176
"6"" Cubicle Wall Clock, Black",33.43866666666667,167.19333333333336
9-3/4 Diameter Round Wall Clock,56.88375,284.41875
"ACCOHIDE 3-Ring Binder, Blue, 1""",11.309846153846154,56.54923076923077
ACCOHIDE Binder by Acco,16.313499999999998,81.5675
APC 7 Outlet Network SurgeArrest Surge Protector,150.9,754.5
ARKON Windshield Dashboard Air Vent Car Mount Holder,49.72,248.6
AT&T 1070 Corded Phone,356.76800000000003,1783.8400000000001
AT&T 1080 Corded phone,277.894,1389.47
AT&T 1080 Phone,529.6946666666666,2648.4733333333334
AT&T 17929 Lendline Telephone,133.9104,669.552
AT&T 841000 Phone,230.65714285714284,1153.2857142857142
AT&T CL2909,251.98,1259.8999999999999
AT&T CL82213,96.2468,481.234
AT&T CL83451 4-Handset Telephone,484.0765,2420.3825
AT&T EL51110 DECT,377.97,1889.8500000000001
AT&T SB67148 SynJ,158.376,791.88
AT&T TR1909W,434.6655,2173.3275
Aastra 57i VoIP phone,571.022,2855.11
Aastra 6757i CT Wireless VoIP phone,488.3306666666667,2441.653333333333
Acco 3-Hole Punch,15.28133333333333,76.40666666666665
Acco 6 Outlet Guardian Basic Surge Suppressor,19.136,95.67999999999999
Acco 6 Outlet Guardian Premium Plus Surge Suppressor,48.24266666666667,241.21333333333337
Acco 6 Outlet Guardian Premium Surge Suppressor,54.054,270.27
Acco 6 Outlet Guardian Standard Surge Suppressor,29.9832,149.916
"Acco 7-Outlet Masterpiece Power Center, Wihtout Fax/Phone Line Protection",466.0566666666666,2330.283333333333
"Acco Banker's Clasps, 5 3/4""-Long",8.1792,40.896
"Acco Clips to Go Binder Clips, 24 Clips in Two Sizes",13.206,66.03
Acco D-Ring Binder w/DublLock,26.13111111111111,130.65555555555557
"Acco Data Flex Cable Posts For Top & Bottom Load Binders, 6"" Capacity",29.204,146.02
Acco Economy Flexible Poly Round Ring Binder,2.7840000000000003,13.920000000000002
Acco Expandable Hanging Binders,11.058666666666667,55.29333333333334
"Acco Flexible ACCOHIDE Square Ring Data Binder, Dark Blue, 11 1/2"" X 14"" 7/8""",41.0004,205.002
"Acco Four Pocket Poly Ring Binder with Label Holder, Smoke, 1""",20.363333333333333,101.81666666666666
Acco Glide Clips,19.6,98.0
Acco Hanging Data Binders,5.9871428571428575,29.935714285714287
Acco Hot Clips Clips to Go,11.186,55.93
"Acco PRESSTEX Data Binder with Storage Hooks, Dark Blue, 14 7/8"" X 11""",25.05542857142857,125.27714285714285
"Acco PRESSTEX Data Binder with Storage Hooks, Dark Blue, 9 1/2"" X 11""",15.7365,78.6825
"Acco PRESSTEX Data Binder with Storage Hooks, Light Blue, 9 1/2"" X 11""",13.45,67.25
Acco Perma 2700 Stacking Storage Drawers,52.045,260.225
Acco Perma 3000 Stacking Storage Drawers,62.24066666666666,311.2033333333333
Acco Perma 4000 Stacking Storage Drawers,41.63345454545454,208.1672727272727
"Acco Pressboard Covers with Storage Hooks, 14 7/8"" x 11"", Dark Blue",11.9634,59.817
"Acco Pressboard Covers with Storage Hooks, 14 7/8"" x 11"", Executive Red",7.953375,39.766875
"Acco Pressboard Covers with Storage Hooks, 14 7/8"" x 11"", Light Blue",11.917909090909092,59.58954545454546
"Acco Pressboard Covers with Storage Hooks, 9 1/2"" x 11"", Executive Red",10.16,50.8
"Acco Recycled 2"" Capacity Laser Printer Hanging Data Binders",21.31375,106.56875
Acco Side-Punched Conventional Columnar Pads,10.41,52.05
"Acco Six-Outlet Power Strip, 4' Cord Length",37.497,187.485
Acco Smartsocket Color-Coded Six-Outlet AC Adapter Model Surge Protectors,112.2255,561.1274999999999
"Acco Smartsocket Table Surge Protector, 6 Color-Coded Adapter Outlets",150.98833333333334,754.9416666666667
Acco Suede Grain Vinyl Round Ring Binder,4.8302499999999995,24.151249999999997
Acco Translucent Poly Ring Binders,11.098285714285712,55.49142857142856
Accohide Poly Flexible Ring Binders,5.46975,27.348750000000003
"Acme 10"" Easy Grip Assistive Scissors",56.096000000000004,280.48
Acme Box Cutter Scissors,51.15,255.75
"Acme Design Line 8"" Stainless Steel Bent Scissors w/Champagne Handles, 3-1/8"" Cut",15.048,75.24
Acme Design Stainless Steel Bent Scissors,29.64,148.2
Acme Elite Stainless Steel Scissors,19.0152,95.076
Acme Forged Steel Scissors with Black Enamel Handles,34.9125,174.5625
Acme Galleria Hot Forged Steel Scissors with Colored Handles,65.01733333333334,325.0866666666667
"Acme Hot Forged Carbon Steel Scissors with Nickel-Plated Handles, 3 7/8"" Cut, 8""L",61.160000000000004,305.8
Acme Kleen Earth Office Shears,8.8464,44.232
Acme Kleencut Forged Steel Scissors,11.862666666666664,59.31333333333332
Acme Office Executive Series Stainless Steel Trimmers,22.771714285714285,113.85857142857142
Acme Preferred Stainless Steel Scissors,22.72,113.6
Acme Rosewood Handle Letter Opener,14.556666666666667,72.78333333333333
Acme Serrated Blade Letter Opener,7.632,38.16
Acme Softgrip Scissors,41.514,207.57000000000002
Acme Stainless Steel Office Snips,20.356,101.78
Acme Tagit Stainless Steel Antibacterial Scissors,32.669999999999995,163.34999999999997
Acme Titanium Bonded Scissors,20.4,102.0
Acme Value Line Scissors,7.705555555555555,38.52777777777777
Acrylic Self-Standing Desk Frames,11.748,58.739999999999995
"Adams ""While You Were Out"" Message Pads",14.5696,72.848
"Adams Phone Message Book, 200 Message Capacity, 8 1/16” x 11”",28.38,141.9
"Adams Phone Message Book, Professional, 400 Message Capacity, 5 3/6” x 11”",31.642666666666667,158.21333333333334
"Adams Telephone Message Book W/Dividers/Space For Phone Numbers, 5 1/4""X8 1/2"", 200/Messages",24.66742857142857,123.33714285714285
"Adams Telephone Message Book W/Dividers/Space For Phone Numbers, 5 1/4""X8 1/2"", 300/Messages",13.2888,66.444
"Adams Telephone Message Book w/Frequently-Called Numbers Space, 400 Messages per Book",31.919999999999998,159.6
"Adams Telephone Message Books, 5 1/4” x 11”",16.1872,80.936
"Adams Write n' Stick Phone Message Book, 11"" X 5 1/4"", 200 Messages",13.632,68.16
Adjustable Depth Letter/Legal Cart,676.3509090909091,3381.7545454545457
Adjustable Personal File Tote,54.04960000000001,270.24800000000005
Adtran 1202752G1,398.12839999999994,1990.6419999999998
"Advantus 10-Drawer Portable Organizer, Chrome Metal Frame, Smoke Drawers",262.94399999999996,1314.7199999999998
"Advantus Employee of the Month Certificate Frame, 11 x 13-1/2",162.3825,811.9124999999999
Advantus Map Pennant Flags and Round Head Tacks,14.615,73.075
Advantus Motivational Note Cards,45.588,227.94
Advantus Panel Wall Acrylic Frame,17.503999999999998,87.51999999999998
Advantus Panel Wall Certificate Holder - 8.5x11,45.13999999999999,225.69999999999996
Advantus Plastic Paper Clips,22.5,112.5
Advantus Push Pins,7.848,39.24
"Advantus Push Pins, Aluminum Head",27.887999999999998,139.44
Advantus Rolling Drawer Organizers,185.98666666666668,929.9333333333334
Advantus Rolling Storage Box,42.875,214.375
Advantus SlideClip Paper Clips,15.458666666666668,77.29333333333334
Advantus T-Pin Paper Clips,12.8084,64.042
Airmail Envelopes,226.61100000000002,1133.055
Akro Stacking Bins,15.254,76.27
Akro-Mils 12-Gallon Tote,28.3005,141.5025
"Alliance Big Bands Rubber Bands, 12/Pack",4.95,24.75
Alliance Rubber Bands,6.720000000000001,33.6
"Alliance Super-Size Bands, Assorted Sizes",49.403000000000006,247.01500000000004
Alphabetical Labels for Top Tab Filing,61.05,305.25
Aluminum Document Frame,48.879999999999995,244.39999999999998
Aluminum Screw Posts,32.18472727272727,160.92363636363638
AmazonBasics 3-Button USB Wired Mouse,17.6148,88.074
American Pencil,8.155,40.775
Ames Color-File Green Diamond Border X-ray Mailers,340.119,1700.5950000000003
Ampad #10 Peel & Seel Holiday Envelopes,17.92,89.60000000000001
"Ampad Evidence Wirebond Steno Books, 6"" x 9""",5.522666666666667,27.613333333333333
"Ampad Gold Fibre Wirebound Steno Books, 6"" x 9"", Gregg Ruled",13.340250000000001,66.70125
"Ampad Phone Message Book, Recycled, 400 Message Capacity, 5 ¾” x 11”",24.96,124.80000000000001
"Ampad Poly Cover Wirebound Steno Book, 6"" x 9"" Assorted Colors, Gregg Ruled",9.533999999999999,47.669999999999995
Anderson Hickey Conga Table Tops & Accessories,25.891,129.45499999999998
"Angle-D Binders with Locking Rings, Label Holders",19.782999999999998,98.91499999999999
Angle-D Ring Binders,6.564,32.82
Anker 24W Portable Micro USB Car Charger,30.772,153.85999999999999
Anker 36W 4-Port USB Wall Charger Travel Power Adapter for iPhone 5s 5c 5,56.63833333333333,283.19166666666666
Anker Astro 15000mAh USB Portable Charger,119.976,599.88
Anker Astro Mini 3000mAh Ultra-Compact Portable Charger,36.9815,184.90749999999997
Anker Ultra-Slim Mini Bluetooth 3.0 Wireless Keyboard,99.95,499.75
Anker Ultrathin Bluetooth Wireless Keyboard Aluminum Cover with Stand,122.959,614.7950000000001
Apple EarPods with Remote and Mic,62.9775,314.8875
Apple iPhone 5,2166.1000000000004,10830.500000000002
Apple iPhone 5C,334.9665,1674.8325
Apple iPhone 5S,1225.4785000000002,6127.392500000001
Array Memo Cubes,18.302666666666667,91.51333333333334
"Array Parchment Paper, Assorted Colors",20.869333333333334,104.34666666666666
Artistic Insta-Plaque,52.26666666666667,261.33333333333337
Assorted Color Push Pins,4.29875,21.49375
Astroparche Fine Business Paper,24.112,120.55999999999999
"Ativa D5772 2-Line 5.8GHz Digital Expandable Corded/Cordless Phone System with Answering & Caller ID/Call Waiting, Black/Silver",494.97,2474.8500000000004
Ativa MDM8000 8-Sheet Micro-Cut Shredder,458.94899999999996,2294.745
Ativa V4110MDD Micro-Cut Shredder,3849.945,19249.725000000002
"Atlantic Metals Mobile 2-Shelf Bookcases, Custom Colors",200.0134,1000.067
"Atlantic Metals Mobile 3-Shelf Bookcases, Custom Colors",942.464025,4712.320125
"Atlantic Metals Mobile 4-Shelf Bookcases, Custom Colors",864.0135,4320.0675
"Atlantic Metals Mobile 5-Shelf Bookcases, Custom Colors",686.610625,3433.0531250000004
Avanti 1.7 Cu. Ft. Refrigerator,555.39,2776.95
Avanti 4.4 Cu. Ft. Refrigerator,501.5731428571429,2507.8657142857146
Avaya 4621SW VoIP phone,177.48,887.4
Avaya 5410 Digital phone,115.583,577.915
Avaya 5420 Digital phone,512.962,2564.81
Avaya IP Phone 1140E VoIP phone,1394.95,6974.75
"Avery 05222 Permanent Self-Adhesive File Folder Labels for Typewriters, on Rolls, White, 250/Roll",10.325,51.625
"Avery 3 1/2"" Diskette Storage Pages, 10/Pack",22.968,114.84
"Avery 4027 File Folder Labels for Dot Matrix Printers, 5000 Labels per Box, White",112.12836363636364,560.6418181818183
Avery 473,41.4,207.0
Avery 474,8.704,43.52
Avery 475,66.6,333.0
Avery 476,13.399555555555557,66.99777777777778
Avery 477,143.49099999999999,717.4549999999999
Avery 478,22.095,110.475
Avery 479,5.5680000000000005,27.840000000000003
Avery 48,30.24,151.2
Avery 480,14.875,74.375
Avery 481,18.233600000000003,91.168
Avery 482,5.78,28.900000000000002
Avery 483,13.944,69.72
Avery 484,9.216,46.08
Avery 485,79.87875,399.39374999999995
Avery 486,18.68111111111111,93.40555555555555
Avery 487,12.124285714285715,60.62142857142858
Avery 488,8.505,42.525000000000006
Avery 489,31.877999999999997,159.39
Avery 49,11.136000000000001,55.68000000000001
Avery 490,35.519999999999996,177.59999999999997
Avery 491,15.143333333333333,75.71666666666667
Avery 492,10.7136,53.568
Avery 493,13.993500000000001,69.9675
Avery 494,9.395999999999999,46.98
Avery 495,24.255,121.27499999999999
Avery 496,12.5625,62.8125
Avery 497,12.011999999999999,60.059999999999995
Avery 498,11.752666666666668,58.76333333333334
Avery 499,16.026545454545456,80.13272727272728
Avery 5,5.76,28.799999999999997
Avery 50,47.1128,235.564
Avery 500,29.24,146.2
Avery 501,8.3025,41.5125
Avery 502,5.88,29.4
Avery 503,41.4,207.0
Avery 505,53.28000000000001,266.40000000000003
Avery 506,22.026666666666667,110.13333333333334
Avery 507,12.096,60.480000000000004
Avery 508,14.566333333333333,72.83166666666666
Avery 509,8.091000000000001,40.455000000000005
Avery 51,19.151999999999997,95.75999999999999
Avery 510,7.25,36.25
Avery 511,9.445333333333332,47.22666666666666
Avery 512,16.8776,84.388
Avery 513,24.236,121.18
Avery 514,11.952,59.76
Avery 515,31.325000000000003,156.625
Avery 516,27.412499999999998,137.0625
Avery 517,11.07,55.35
Avery 518,13.30875,66.54375
Avery 519,20.22433333333333,101.12166666666666
Avery 52,11.439,57.195
Avery 520,9.324000000000002,46.620000000000005
"Avery Address/Shipping Labels for Typewriters, 4"" x 2""",39.62571428571429,198.12857142857143
Avery Arch Ring Binders,131.887,659.435
Avery Binder Labels,6.51575,32.57875
Avery Binding System Hidden Tab Executive Style Index Sets,11.467875,57.339375
Avery Durable Binders,7.271999999999999,36.36
"Avery Durable Plastic 1"" Binders",16.603428571428573,83.01714285714286
Avery Durable Poly Binders,13.825000000000001,69.125
Avery Durable Slant Ring Binders,10.296000000000001,51.480000000000004
Avery Durable Slant Ring Binders With Label Holder,9.66625,48.33125
"Avery Durable Slant Ring Binders, No Labels",9.95,49.75
Avery File Folder Labels,8.728615384615384,43.64307692307692
"Avery Flip-Chart Easel Binder, Black",59.8665,299.3325
Avery Fluorescent Highlighter Four-Color Set,8.183,40.915
"Avery Framed View Binder, EZD Ring (Locking), Navy, 1 1/2""",16.633333333333336,83.16666666666669
Avery Hanging File Binders,17.641000000000002,88.20500000000001
Avery Heavy-Duty EZD  Binder With Locking Rings,18.5256,92.628
Avery Heavy-Duty EZD View Binder with Locking Rings,17.0984,85.492
"Avery Hi-Liter Comfort Grip Fluorescent Highlighter, Yellow Ink",3.9,19.5
"Avery Hi-Liter EverBold Pen Style Fluorescent Highlighters, 4/Pack",36.63,183.15
Avery Hi-Liter Fluorescent Desk Style Markers,10.139999999999999,50.699999999999996
"Avery Hi-Liter GlideStik Fluorescent Highlighter, Yellow Ink",13.04,65.19999999999999
Avery Hi-Liter Pen Style Six-Color Fluorescent Set,7.7,38.5
Avery Hi-Liter Smear-Safe Highlighters,22.8928,114.464
Avery Hidden Tab Dividers for Binding Systems,4.5125714285714285,22.56285714285714
Avery Hole Reinforcements,12.944555555555556,64.72277777777778
Avery Legal 4-Ring Binder,64.5135,322.5675
Avery Metallic Poly Binders,22.6335,113.1675
Avery Non-Stick Binders,10.8658,54.329
Avery Non-Stick Heavy Duty View Round Locking Ring Binders,22.724,113.62
Avery Personal Creations Heavyweight Cards,34.62,173.1
Avery Poly Binder Pockets,9.7555,48.777499999999996
Avery Premier Heavy-Duty Binder with Round Locking Rings,27.336000000000002,136.68
Avery Printable Repositionable Plastic Tabs,19.206666666666667,96.03333333333333
Avery Recycled Flexi-View Covers for Binding Systems,28.167,140.835
Avery Reinforcements for Hole-Punch Pages,3.564,17.82
Avery Round Ring Poly Binders,6.153333333333332,30.766666666666662
Avery Self-Adhesive Photo Pockets for Polaroid Photos,13.00090909090909,65.00454545454545
"Avery Trapezoid Extra Heavy Duty 4"" Binders",78.63749999999999,393.18749999999994
"Avery Trapezoid Ring Binder, 3"" Capacity, Black, 1040 sheets",77.862,389.30999999999995
"Avery Triangle Shaped Sheet Lifters, Black, 2/Pack",4.305,21.525
Avery White Multi-Purpose Labels,23.904,119.52
Avoid Verbal Orders Carbonless Minifold Book,13.655199999999999,68.276
BIC Brite Liner Grip Highlighters,4.8544,24.272
"BIC Brite Liner Grip Highlighters, Assorted, 5/Pack",19.786666666666665,98.93333333333332
BIC Brite Liner Highlighters,12.301714285714285,61.50857142857142
"BIC Brite Liner Highlighters, Chisel Tip",20.52,102.6
BIC Liqua Brite Liner,28.916666666666668,144.58333333333334
"BOSTON Model 1800 Electric Pencil Sharpeners, Putty/Woodgrain",82.708,413.53999999999996
"BOSTON Ranger #55 Pencil Sharpener, Black",68.72911111111111,343.6455555555556
BPI Conference Tables,448.3735,2241.8675
Bady BDG101FRU Card Printer,2319.971,11599.855
Bagged Rubber Bands,5.795999999999999,28.979999999999997
Balt Solid Wood Rectangular Table,207.024125,1035.120625
Balt Solid Wood Round Tables,1629.6885,8148.4425
Balt Split Level Computer Training Table,208.125,1040.625
Barrel Sharpener,16.957500000000003,84.78750000000002
"Barricks 18"" x 48"" Non-Folding Utility Table with Bottom Storage Shelf",217.728,1088.64
"Barricks Non-Folding Utility Table with Steel Legs, Laminate Tops",136.464,682.3199999999999
"Belkin 19"" Center-Weighted Shelf, Gray",212.32799999999997,1061.6399999999999
"Belkin 19"" Vented Equipment Shelf, Black",140.0256,700.1279999999999
"Belkin 325VA UPS Surge Protector, 6'",344.793,1723.9650000000001
Belkin 5 Outlet SurgeMaster Power Centers,177.6048,888.0240000000001
Belkin 6 Outlet Metallic Surge Strip,29.161,145.805
Belkin 7 Outlet SurgeMaster II,210.55999999999997,1052.8
Belkin 7 Outlet SurgeMaster Surge Protector with Phone Protection,157.92,789.5999999999999
Belkin 7-Outlet SurgeMaster Home Series,18.160999999999998,90.80499999999999
Belkin 8 Outlet Surge Protector,153.3822857142857,766.9114285714285
Belkin 8 Outlet SurgeMaster II Gold Surge Protector,147.5508,737.754
Belkin 8 Outlet SurgeMaster II Gold Surge Protector with Phone Protection,647.84,3239.2000000000003
Belkin 8-Outlet Premiere SurgeMaster II Surge Protectors,138.96,694.8000000000001
Belkin F5C206VTEL 6 Outlet Surge,66.31371428571428,331.56857142857143
Belkin F8E887 USB Wired Ergonomic Keyboard,70.4765,352.3825
Belkin F9G930V10-GRY 9 Outlet Surge,154.0224,770.1120000000001
Belkin F9H710-06 7 Outlet SurgeMaster Surge Protector,64.527,322.635
Belkin F9M820V08 8 Outlet Surge,186.24666666666667,931.2333333333333
Belkin F9S820V06 8 Outlet Surge,66.584,332.92
Belkin Grip Candy Sheer Case / Cover for iPhone 5 and 5S,21.65733333333333,108.28666666666665
Belkin OmniView SE Rackmount Kit,124.17999999999999,620.9
Belkin Premiere Surge Master II 8-outlet surge protector,136.024,680.12
Belkin QODE FastFit Bluetooth Keyboard,247.8,1239.0
"Belkin SportFit Armband For iPhone 5s/5c, Fuchsia",47.968,239.84000000000003
Belkin Standard 104 key USB Keyboard,44.25633333333334,221.2816666666667
Belkin iPhone and iPad Lightning Cable,41.972,209.86
Berol Giant Pencil Sharpener,63.712500000000006,318.5625
Bestar Classic Bookcase,237.226275,1186.131375
Bevis 36 x 72 Conference Tables,541.5315,2707.6575000000003
Bevis 44 x 96 Conference Tables,650.644,3253.2200000000003
Bevis Boat-Shaped Conference Table,423.7445,2118.7225
"Bevis Oval Conference Table, Walnut",867.7585,4338.7925000000005
Bevis Rectangular Conference Tables,251.8155,1259.0774999999999
"Bevis Round Bullnose 29"" High Table Top",908.985,4544.925
Bevis Round Conference Room Tables and Bases,259.9705,1299.8525
Bevis Round Conference Table Top & Single Column Base,459.5076,2297.538
"Bevis Round Conference Table Top, X-Base",445.2368333333333,2226.1841666666664
Bevis Steel Folding Chairs,295.84583333333336,1479.2291666666667
"Bevis Traditional Conference Table Top, Plinth Base",677.832,3389.16
Binder Clips by OIC,5.158857142857143,25.794285714285717
Binder Posts,9.566666666666666,47.83333333333333
Binding Machine Supplies,74.22144444444444,371.1072222222222
"Binney & Smith Crayola Metallic Colored Pencils, 8-Color Set",12.699428571428571,63.497142857142855
"Binney & Smith Crayola Metallic Crayons, 16-Color Pack",8.088000000000001,40.440000000000005
"Binney & Smith inkTank Desk Highlighter, Chisel Tip, Yellow, 12/Box",9.03,45.15
"Binney & Smith inkTank Erasable Desk Highlighter, Chisel Tip, Yellow, 12/Box",5.88,29.4
"Binney & Smith inkTank Erasable Pocket Highlighter, Chisel Tip, Yellow",8.664,43.32
Bionaire 99.97% HEPA Air Cleaner,49.931999999999995,249.65999999999997
Bionaire Personal Warm Mist Humidifier/Vaporizer,171.92999999999998,859.6499999999999
Black & Decker Filter for Double Action Dustbuster Cordless Vac BLDV7210,38.31433333333334,191.5716666666667
"Black Avery Memo-Size 3-Ring Binder, 5 1/2"" x 8 1/2""",11.376999999999999,56.88499999999999
"Black Print Carbonless 8 1/2"" x 8 1/4"" Rapid Memo Book",16.016000000000002,80.08000000000001
"Black Print Carbonless Snap-Off Rapid Letter, 8 1/2"" x 7""",40.084,200.42000000000002
BlackBerry Q10,516.559,2582.795
Blackstonian Pencils,10.146,50.730000000000004
Blue Parrot B250XT Professional Grade Wireless Bluetooth Headset with,307.459,1537.295
"Blue String-Tie & Button Interoffice Envelopes, 10 x 13",135.932,679.66
"BlueLounge Milo Smartphone Stand, White/Metallic",111.96266666666666,559.8133333333333
Bose SoundLink Bluetooth Speaker,573.12,2865.6
Boston 1645 Deluxe Heavier-Duty Electric Pencil Sharpener,153.3017142857143,766.5085714285715
Boston 16701 Slimline Battery Pencil Sharpener,43.038,215.19
Boston 16750 Black Compact Battery Pencil Sharpener,21.875,109.375
Boston 16765 Mini Stand Up Battery Pencil Sharpener,25.652,128.26
Boston 16801 Nautilus Battery Pencil Sharpener,74.10033333333334,370.50166666666667
Boston 1730 StandUp Electric Pencil Sharpener,57.01333333333333,285.06666666666666
Boston 1799 Powerhouse Electric Pencil Sharpener,129.9,649.5
"Boston 1827 Commercial Additional Cutter, Drive Gear & Gear Rack for 1606",29.744999999999997,148.725
Boston 1900 Electric Pencil Sharpener,14.98,74.9
Boston 19500 Mighty Mite Electric Pencil Sharpener,85.6375,428.1875
"Boston Electric Pencil Sharpener, Model 1818, Charcoal Black",65.44875,327.24375000000003
Boston Heavy-Duty Trimline Electric Pencil Sharpeners,233.288,1166.44
Boston Home & Office Model 2000 Electric Pencil Sharpeners,49.665,248.325
Boston KS Multi-Size Manual Pencil Sharpener,76.19542857142856,380.97714285714284
"Boston Model 1800 Electric Pencil Sharpener, Gray",132.305,661.5250000000001
"Boston School Pro Electric Pencil Sharpener, 1670",124.80514285714285,624.0257142857142
BoxOffice By Design Rectangular and Half-Moon Meeting Room Tables,568.75,2843.75
"Bravo II Megaboss 12-Amp Hard Body Upright, Replacement Belts, 2 Belts per Pack",16.25,81.25
Bretford CR4500 Series Slim Rectangular Table,905.346,4526.73
Bretford CR8500 Series Meeting Room Furniture,1129.4270000000001,5647.135
Bretford Rectangular Conference Table Tops,1082.9409583333334,5414.704791666667
Bretford “Just In Time” Height-Adjustable Multi-Task Work Tables,1408.725,7043.625
"Brites Rubber Bands, 1 1/2 oz. Box",4.356000000000001,21.780000000000005
Brother DCP1000 Digital 3 in 1 Multifunction Machine,694.2625714285714,3471.312857142857
"Brother MFC-9340CDW LED All-In-One Printer, Copier Scanner",341.991,1709.955
Brown Kraft Recycled Envelopes,48.9024,244.512
Bulldog Table or Wall-Mount Pencil Sharpener,25.956666666666667,129.78333333333333
Bulldog Vacuum Base Pencil Sharpener,55.153999999999996,275.77
Bush Advantage Collection Racetrack Conference Table,1025.1741666666667,5125.870833333333
Bush Advantage Collection Round Conference Table,850.4000000000001,4252.0
"Bush Andora Bookcase, Maple/Graphite Gray Finish",368.6359444444445,1843.1797222222224
"Bush Andora Conference Table, Maple/Graphite Gray Finish",387.55466666666666,1937.7733333333333
"Bush Birmingham Collection Bookcase, Dark Cherry",825.174,4125.87
"Bush Cubix Collection Bookcases, Fully Assembled",243.07799999999997,1215.3899999999999
"Bush Cubix Conference Tables, Fully Assembled",900.822,4504.11
"Bush Heritage Pine Collection 5-Shelf Bookcase, Albany Pine Finish, *Special Order",463.21999999999997,2316.1
Bush Mission Pointe Library,249.62026666666668,1248.1013333333335
"Bush Saratoga Collection 5-Shelf Bookcase, Hanover Cherry, *Special Order",119.833,599.165
Bush Somerset Collection Bookcase,315.98924999999997,1579.94625
"Bush Westfield Collection Bookcases, Dark Cherry Finish",216.45866666666666,1082.2933333333333
"Bush Westfield Collection Bookcases, Dark Cherry Finish, Fully Assembled",90.882,454.41
"Bush Westfield Collection Bookcases, Fully Assembled",245.54970000000003,1227.7485000000001
"Bush Westfield Collection Bookcases, Medium Cherry Finish",158.5430888888889,792.7154444444444
C-Line Cubicle Keepers Polyproplyene Holder With Velcro Backings,17.14625,85.73124999999999
"C-Line Cubicle Keepers Polyproplyene Holder w/Velcro Back, 8-1/2x11, 25/Bx",128.639,643.195
"C-Line Magnetic Cubicle Keepers, Clear Polypropylene",19.477714285714285,97.38857142857142
"C-Line Peel & Stick Add-On Filing Pockets, 8-3/4 x 5-1/8, 10/Pack",21.49875,107.49375
Cameo Buff Policy Envelopes,208.026,1040.13
"Canon Color ImageCLASS MF8580Cdw Wireless Laser All-In-One Printer, Copier, Scanner",1007.979,5039.895
Canon Image Class D660 Copier,1979.9669999999999,9899.835
Canon Imageclass D680 Copier / Fax,1791.9743999999998,8959.872
Canon PC-428 Personal Copier,727.9636,3639.818
Canon PC1060 Personal Laser Copier,2939.958,14699.79
Canon PC1080F Personal Copier,1499.975,7499.875
Canon PC170 Desktop Personal Copier,287.91,1439.5500000000002
Canon PC940 Copier,1889.9579999999999,9449.789999999999
Canon imageCLASS 2200 Advanced Copier,12319.9648,61599.824
Canon imageCLASS MF7460 Monochrome Digital Laser Multifunction Copier,3991.98,19959.9
Canvas Sectional Post Binders,70.43933333333332,352.1966666666666
Cardinal EasyOpen D-Ring Binders,26.163249999999998,130.81625
"Cardinal HOLDit! Binder Insert Strips,Extra Strips",15.192,75.96000000000001
Cardinal Hold-It CD Pocket,9.576,47.88
Cardinal Holdit Business Card Pockets,10.956,54.78
Cardinal Holdit Data Disk Pockets,33.488,167.44
Cardinal Poly Pocket Divider Pockets for Ring Binders,10.08,50.4
"Cardinal Slant-D Ring Binder, Heavy Gauge Vinyl",17.901400000000002,89.507
Cardinal Slant-D Ring Binders,25.6355,128.1775
"Career Cubicle Clock, 8 1/4"", Black",64.896,324.48
"Carina 42""Hx23 3/4""W Media Storage Unit",204.4745,1022.3725000000001
Carina Double Wide Media Storage Towers in Natural & Black,252.38766666666666,1261.9383333333333
Carina Media Storage Towers in Natural & Black,214.64960000000002,1073.248
"Carina Mini System Audio Rack, Model AR050B",346.2576,1731.288
Case Logic 2.4GHz Wireless Keyboard,153.71925,768.5962499999999
Catalog Binders with Expanding Posts,136.242,681.2099999999999
Cherry 142-key Programmable Keyboard,479.72,2398.6000000000004
"Chromcraft 48"" x 96"" Racetrack Double Pedestal Table",849.696,4248.4800000000005
"Chromcraft Bull-Nose Wood 48"" x 96"" Rectangular Conference Tables",716.274,3581.37
Chromcraft Bull-Nose Wood Oval Conference Tables & Bases,2396.763,11983.814999999999
"Chromcraft Bull-Nose Wood Round Conference Table Top, Wood Base",559.1483333333333,2795.741666666667
Chromcraft Rectangular Conference Tables,550.297,2751.485
Chromcraft Round Conference Tables,631.4660769230769,3157.3303846153844
Cisco 8961 IP Phone Charcoal,224.937,1124.685
Cisco 8x8 Inc. 6753i IP Business Phone System,440.96733333333333,2204.8366666666666
Cisco 9971 IP Video Phone Charcoal,2134.0,10670.0
Cisco CP-7937G Unified IP Conference Station Phone,695.7,3478.5
Cisco Desktop Collaboration Experience DX650 IP Video Phone,385.8,1929.0
Cisco IP Phone 7961G-GE VoIP phone,563.1080000000001,2815.5400000000004
Cisco IP Phone 7961G VoIP phone - Dark gray,462.23,2311.15
Cisco SPA 501G IP Phone,213.48,1067.3999999999999
Cisco SPA 502G IP Phone,412.628,2063.14
Cisco SPA112 2 Port Phone Adapter,175.84,879.2
Cisco SPA301,491.36850000000004,2456.8425
Cisco SPA508G,182.13240000000002,910.662
Cisco SPA525G2 5-Line IP Phone,1379.92,6899.6
Cisco SPA525G2 IP Phone - Wireless,85.386,426.92999999999995
Cisco Small Business SPA 502G VoIP phone,220.5255,1102.6275
Cisco TelePresence System EX90 Videoconferencing Unit,22638.48,113192.4
Cisco Unified IP Phone 7945G VoIP phone,1125.267,5626.335
Clarity 53712,188.07150000000001,940.3575000000001
Classic Ivory Antique Telephone ZL1810,170.833,854.165
Clear Mylar Reinforcing Strips,53.934000000000005,269.67
ClearOne CHATAttach 160 - speaker phone,1673.973,8369.865
ClearOne Communications CHAT 70 OC Speaker Phone,421.3235,2106.6175000000003
ClearSounds CSC500 Amplified Spirit Phone Corded phone,186.64,933.1999999999999
Clearsounds A400,162.77533333333335,813.8766666666668
Col-Erase Pencils with Erasers,18.848,94.24
Color-Coded Legal Exhibit Labels,7.365,36.825
Colored Envelopes,10.1844,50.922
Colored Push Pins,4.9956000000000005,24.978
Coloredge Poster Frame,49.699999999999996,248.49999999999997
Colorific Watercolor Pencils,17.2,86.0
"Commercial WindTunnel Clean Air Upright Vacuum, Replacement Belts, Filtration Bags",7.224285714285714,36.121428571428574
Compact Automatic Electric Letter Opener,372.84375,1864.21875
"Companion Letter/Legal File, Black",122.3424,611.712
Computer Printout Index Tabs,2.7720000000000002,13.860000000000001
Computer Printout Paper with Letter-Trim Fine Perforations,191.6,958.0
Computer Printout Paper with Letter-Trim Perforations,57.99399999999999,289.96999999999997
"Computer Room Manger, 14""",90.944,454.72
"Conquest 14 Commercial Heavy-Duty Upright Vacuum, Collection System, Accessory Kit",136.704,683.52
Contemporary Borderless Frame,18.081,90.405
Contemporary Wood/Metal Frame,48.48,242.39999999999998
"Contico 72""H Heavy-Duty Storage System",119.66159999999999,598.308
"Contract Clock, 14"", Brown",68.138,340.69000000000005
Convenience Packs of Business Envelopes,9.774,48.87
Crate-A-Files,25.225714285714286,126.12857142857143
"Crayola Anti Dust Chalk, 12/Pack",8.528,42.64
Crayola Colored Pencils,10.97309090909091,54.865454545454554
Cubify CubeX 3D Printer Double Head Print,3699.9876666666664,18499.93833333333
Cubify CubeX 3D Printer Triple Head Print,7999.98,39999.899999999994
Cush Cases Heavy Duty Rugged Cover Case for Samsung Galaxy S5 - Purple,10.89,54.45
Cyber Acoustics AC-202b Speech Recognition Stereo Headset,23.9016,119.508
DAX Black Cherry Wood-Tone Poster Frame,56.932,284.66
"DAX Charcoal/Nickel-Tone Document Frame, 5 x 7",25.406399999999998,127.03199999999998
DAX Clear Channel Poster Frame,39.852,199.26
"DAX Contemporary Wood Frame with Silver Metal Mat, Desktop, 11 x 14 Size",58.29119999999999,291.45599999999996
"DAX Copper Panel Document Frame, 5 x 7 Size",30.192,150.96
DAX Cubicle Frames - 8x10,25.1572,125.786
"DAX Cubicle Frames, 8-1/2 x 11",36.4225,182.1125
"DAX Executive Solid Wood Document Frame, Desktop or Hang, Mahogany, 5 x 7",39.2496,196.248
"DAX Metal Frame, Desktop, Stepped-Edge",32.384,161.92000000000002
DAX Natural Wood-Tone Poster Frame,102.7424,513.712
DAX Solid Wood Frames,37.77733333333333,188.88666666666666
"DAX Two-Tone Rosewood/Black Document Frame, Desktop, 5 x 7",27.018,135.09
DAX Two-Tone Silver Metal Document Frame,39.13066666666666,195.6533333333333
"DAX Value U-Channel Document Frames, Easel Back",17.892,89.46
DAX Wood Document Frame,53.08933333333333,265.44666666666666
DAX Wood Document Frame.,39.817,199.085
DIXON Oriole Pencils,7.481999999999999,37.41
DIXON Ticonderoga Erasable Checking Pencils,13.551428571428572,67.75714285714285
DMI Arturo Collection Mission-style Design Wood Chair,419.998909090909,2099.994545454545
DMI Eclipse Executive Suite Bookcases,1841.1015,9205.5075
DXL Angle-View Binders with Locking Rings by Samsill,21.5109,107.55449999999999
"DXL Angle-View Binders with Locking Rings, Black",31.148,155.74
DYMO CardScan Personal V9 Business Card Scanner,447.97200000000004,2239.86
"Dana Fluorescent Magnifying Lamp, White, 36""",145.293,726.465
Dana Halogen Swing-Arm Architect Lamp,185.73066666666668,928.6533333333334
Dana Swing-Arm Lamps,15.562285714285716,77.81142857142858
"DataProducts Ampli Magnifier Task Lamp, Black,",101.74560000000001,508.72800000000007
Dax Clear Box Frame,16.005,80.02499999999999
Decoflex Hanging Personal Folder File,46.26,231.29999999999998
"Decoflex Hanging Personal Folder File, Blue",57.568,287.84
Deflect-O Glasstique Clear Desk Accessories,41.58,207.89999999999998
Deflect-o DuraMat Antistatic Studded Beveled Mat for Medium Pile Carpeting,337.088,1685.44
"Deflect-o DuraMat Lighweight, Studded, Beveled Mat for Low Pile Carpeting",112.31166666666667,561.5583333333334
"Deflect-o EconoMat Nonstudded, No Bevel Mat",309.9,1549.5
"Deflect-o EconoMat Studded, No Bevel Mat for Low Pile Carpeting",123.95999999999998,619.8
Deflect-o Glass Clear Studded Chair Mats,225.62457142857141,1128.1228571428571
"Deflect-o RollaMat Studded, Beveled Mat for Medium Pile Carpeting",270.54133333333334,1352.7066666666667
"Deflect-o SuperTray Unbreakable Stackable Tray, Letter, Black",109.42500000000001,547.125
Dell Slim USB Multimedia Keyboard,62.5,312.5
Deluxe Chalkboard Eraser Cleaner,36.498000000000005,182.49
Deluxe Heavy-Duty Vinyl Round Ring Binder,72.03428571428572,360.1714285714286
Deluxe Rollaway Locking File with Drawer,1114.5584000000001,5572.792
Design Ebony Sketching Pencil,4.540666666666667,22.703333333333333
Desktop 3-Pocket Hot File,129.84,649.2
Dexim XPower Skin Super-Thin Power Case for iPhone 5 - Black,155.97333333333333,779.8666666666667
Digium D40 VoIP phone,338.24044444444445,1691.2022222222222
Disposable Triple-Filter Dust Bags,10.196666666666667,50.983333333333334
"Dixon My First Ticonderoga Pencil, #2",23.985,119.925
"Dixon Prang Watercolor Pencils, 10-Color Set with Brush",15.822857142857144,79.11428571428571
Dixon Ticonderoga Core-Lock Colored Pencils,32.796,163.98
"Dixon Ticonderoga Core-Lock Colored Pencils, 48-Color Set",215.64499999999998,1078.225
"Dixon Ticonderoga Erasable Colored Pencil Set, 12-Color",37.674,188.37
"Dixon Ticonderoga Maple Cedar Pencil, #2",7.777333333333334,38.88666666666667
Dixon Ticonderoga Pencils,14.304,71.52
Document Clip Frames,22.518,112.59
"Dot Matrix Printer Tape Reel Labels, White, 5000/Box",415.35975,2076.79875
"Dual Level, Single-Width Filing Carts",686.1405,3430.7025
Durable Pressboard Binders,18.619999999999997,93.1
Easy-staple paper,54.86718181818182,274.3359090909091
"Eaton Premium Continuous-Feed Paper, 25% Cotton, Letter Size, White, 1000 Shts/Box",109.8504,549.252
"Eberhard Faber 3 1/2"" Golf Pencils",19.981714285714286,99.90857142857143
EcoTones Memo Sheets,17.599999999999998,87.99999999999999
Economy #2 Pencils,8.645,43.224999999999994
Economy Binders,8.874666666666668,44.37333333333334
Economy Rollaway Files,448.40000000000003,2242.0
"Eldon ""L"" Workstation Diamond Chairmat",250.734,1253.67
Eldon 100 Class Desk Accessories,9.099,45.495000000000005
Eldon 200 Class Desk Accessories,20.096,100.48
"Eldon 200 Class Desk Accessories, Black",37.68,188.4
"Eldon 200 Class Desk Accessories, Burgundy",27.1296,135.648
"Eldon 200 Class Desk Accessories, Smoke",34.54,172.7
"Eldon 300 Class Desk Accessories, Black",14.85,74.25
"Eldon 400 Class Desk Accessories, Black Carbon",29.05,145.25
Eldon 500 Class Desk Accessories,27.519600000000004,137.598
Eldon Advantage Chair Mats for Low to Medium Pile Carpets,112.606,563.03
Eldon Advantage Foldable Chair Mats for Low Pile Carpets,126.46666666666665,632.3333333333333
Eldon Antistatic Chair Mats for Low to Medium Pile Carpets,357.986,1789.9299999999998
"Eldon Base for stackable storage shelf, platinum",124.60799999999999,623.04
Eldon Cleatmat Chair Mats for Medium Pile Carpets,86.025,430.125
Eldon Cleatmat Plus Chair Mats for High Pile Carpets,260.8256,1304.1280000000002
Eldon ClusterMat Chair Mat with Cordless Antistatic Protection,240.1872,1200.936
"Eldon Delta Triangular Chair Mat, 52"" x 58"", Clear",91.032,455.15999999999997
Eldon Econocleat Chair Mats for Low Pile Carpets,124.41,622.05
Eldon Executive Woodline II Cherry Finish Desk Accessories,49.068000000000005,245.34000000000003
"Eldon Executive Woodline II Desk Accessories, Mahogany",72.3744,361.87199999999996
"Eldon Expressions Desk Accessory, Wood Pencil Holder, Oak",27.02,135.1
"Eldon Expressions Desk Accessory, Wood Photo Frame, Mahogany",33.5104,167.552
Eldon Expressions Mahogany Wood Desk Collection,46.8,234.0
"Eldon Expressions Punched Metal & Wood Desk Accessories, Black & Cherry",31.1416,155.708
"Eldon Expressions Punched Metal & Wood Desk Accessories, Pewter & Cherry",40.432,202.16000000000003
"Eldon Expressions Wood Desk Accessories, Oak",15.967636363636364,79.83818181818182
"Eldon Expressions Wood and Plastic Desk Accessories, Cherry Wood",32.108000000000004,160.54000000000002
"Eldon Expressions Wood and Plastic Desk Accessories, Oak",29.940000000000005,149.70000000000002
Eldon File Chest Portable File,79.4,397.0
Eldon Fold 'N Roll Cart System,60.39359999999999,301.96799999999996
Eldon Gobal File Keepers,58.03666666666667,290.18333333333334
Eldon Image Series Black Desk Accessories,9.770399999999999,48.85199999999999
"Eldon Image Series Desk Accessories, Burgundy",13.898499999999999,69.49249999999999
"Eldon Image Series Desk Accessories, Ebony",36.062,180.31
"Eldon Imàge Series Desk Accessories, Clear",17.82,89.1
Eldon Mobile Mega Data Cart  Mega Stackable  Add-On Trays,118.25,591.25
Eldon Pizzaz Desk Accessories,9.366,46.83
Eldon Portable Mobile Manager,99.92266666666666,499.6133333333333
Eldon ProFile File 'N Store Portable File Tub Letter/Legal Size Black,87.72257142857141,438.6128571428571
Eldon Radial Chair Mat for Low to Medium Pile Carpets,129.2686666666667,646.3433333333335
"Eldon Regeneration Recycled Desk Accessories, Black",13.229333333333335,66.14666666666668
"Eldon Regeneration Recycled Desk Accessories, Smoke",6.7512,33.756
Eldon Shelf Savers Cubes and Bins,37.5175,187.58749999999998
Eldon Simplefile Box Office,43.229,216.14499999999998
"Eldon Spacemaker Box, Quick-Snap Lid, Clear",8.461333333333334,42.30666666666667
"Eldon Stackable Tray, Side-Load, Legal, Smoke",31.076,155.38
Eldon Wave Desk Accessories,19.052142857142858,95.26071428571429
Electrix 20W Halogen Replacement Bulb for Zoom-In Desk Lamp,38.86,194.3
"Electrix Architect's Clamp-On Swing Arm Lamp, Black",572.76,2863.8
Electrix Fluorescent Magnifier Lamps & Weighted Base,231.89800000000002,1159.4900000000002
Electrix Halogen Magnifier Lamp,458.54799999999994,2292.74
"Electrix Incandescent Magnifying Lamp, Black",58.64,293.2
"Elite 5"" Scissors",25.59142857142857,127.95714285714284
Embossed Ink Jet Note Cards,71.0955,355.4775
Enermax Acrylux Wireless Keyboard,408.35999999999996,2041.7999999999997
Enermax Aurora Lite Keyboard,328.22999999999996,1641.1499999999999
Enermax Briskie RF Wireless Keyboard and Mouse Combo,101.773,508.865
Epson Perfection V600 Photo Scanner,206.991,1034.9550000000002
Epson TM-T88V Direct Thermal Printer - Monochrome - Desktop,606.3525,3031.7625
"Epson WorkForce WF-2530 All-in-One Printer, Copier Scanner",139.98,699.9
Eureka Disposable Bags for Sanitaire Vibra Groomer I Upright Vac,1.624,8.120000000000001
"Eureka Hand Vacuum, Bagless",197.72,988.6
"Eureka Recycled Copy Paper 8 1/2"" x 11"", Ream",19.9584,99.792
Eureka Sanitaire  Commercial Upright,508.17733333333337,2540.8866666666668
"Eureka Sanitaire  Multi-Pro Heavy-Duty Upright, Disposable Bags",16.7808,83.904
Eureka The Boss Cordless Rechargeable Stick Vac,158.03799999999998,790.1899999999999
"Eureka The Boss Lite 10-Amp Upright Vacuum, Blue",260.52,1302.6
"Eureka The Boss Plus 12-Amp Hard Box Upright Vacuum, Red",279.06666666666666,1395.3333333333333
Euro Pro Shark Stick Mini Vacuum,56.91466666666667,284.5733333333333
Euro-Pro Shark Turbo Vacuum,115.65866666666666,578.2933333333333
"Executive Impressions 10"" Spectator Wall Clock",51.74400000000001,258.72
"Executive Impressions 12"" Wall Clock",29.45,147.25
"Executive Impressions 13"" Chairman Wall Clock",84.60000000000001,423.00000000000006
"Executive Impressions 13"" Clairmont Wall Clock",39.4215,197.10750000000002
"Executive Impressions 13-1/2"" Indoor/Outdoor Wall Clock",28.049999999999997,140.25
"Executive Impressions 14""",94.47749999999999,472.38749999999993
"Executive Impressions 14"" Contract Wall Clock",49.54114285714286,247.7057142857143
"Executive Impressions 14"" Contract Wall Clock with Quartz Movement",48.906,244.53
"Executive Impressions 14"" Two-Color Numerals Wall Clock",51.49866666666666,257.4933333333333
"Executive Impressions 16-1/2"" Circular Wall Clock",29.392,146.96
"Executive Impressions 8-1/2"" Career Panel/Partition Cubicle Clock",33.28,166.4
Executive Impressions Supervisor Wall Clock,216.81499999999997,1084.0749999999998
Faber Castell Col-Erase Pencils,7.4328,37.164
Fashion Color Clasp Envelopes,25.968,129.84
Fellowes 8 Outlet Superior Workstation Surge Protector,151.82440000000003,759.1220000000001
Fellowes 8 Outlet Superior Workstation Surge Protector w/o Phone/Fax/Modem Protection,133.1352,665.6759999999999
Fellowes Advanced 8 Outlet Surge Suppressor with Phone/Fax Protection,81.42933333333333,407.14666666666665
Fellowes Advanced Computer Series Surge Protectors,64.45899999999999,322.29499999999996
Fellowes Bankers Box Recycled Super Stor/Drawer,169.65142857142857,848.2571428571429
Fellowes Bankers Box Staxonsteel Drawer File/Stacking System,326.5245,1632.6225
Fellowes Bankers Box Stor/Drawer Steel Plus,118.859,594.295
Fellowes Bases and Tops For Staxonsteel/High-Stak Systems,85.88820000000001,429.44100000000003
Fellowes Basic Home/Office Series Surge Protectors,48.45866666666667,242.29333333333335
Fellowes Binding Cases,54.288,271.44
Fellowes Black Plastic Comb Bindings,11.361777777777778,56.80888888888889
Fellowes Command Center 5-outlet power strip,166.208,831.04
Fellowes Desktop Hanging File Manager,50.362500000000004,251.81250000000003
Fellowes Econo/Stor Drawers,290.79,1453.95
Fellowes High-Stak Drawer Files,493.332,2466.66
Fellowes Mighty 8 Compact Surge Protector,57.43166666666667,287.15833333333336
"Fellowes Mobile File Cart, Black",230.06599999999997,1150.33
Fellowes Neat Ideas Storage Cubes,68.672,343.36
Fellowes Officeware Wire Shelving,409.95145454545457,2049.7572727272727
Fellowes PB200 Plastic Comb Binding Machine,386.72725,1933.63625
Fellowes PB300 Plastic Comb Binding Machine,1345.032,6725.16
Fellowes PB500 Electric Punch Plastic Comb Binding Machine with Manual Bind,2745.3384,13726.692000000001
"Fellowes Personal Hanging Folder Files, Navy",71.179,355.895
Fellowes Powershred HS-440 4-Sheet High Security Shredder,847.2786666666667,4236.393333333333
"Fellowes Premier Superior Surge Suppressor, 10-Outlet, With Phone and Remote",132.78285714285715,663.9142857142858
Fellowes Presentation Covers for Comb Binding Machines,66.93,334.65000000000003
Fellowes Recycled Storage Drawers,429.316,2146.58
"Fellowes Smart Surge Ten-Outlet Protector, Platinum",180.66,903.3
Fellowes Staxonsteel Drawer Files,689.8928571428571,3449.4642857142853
Fellowes Stor/Drawer Steel Plus Storage Drawers,424.6635,2123.3175
"Fellowes Strictly Business Drawer File, Letter/Legal Size",639.8614285714285,3199.3071428571425
Fellowes Super Stor/Drawer,119.325,596.625
Fellowes Super Stor/Drawer Files,436.185,2180.925
Fellowes Superior 10 Outlet Split Surge Protector,96.41866666666667,482.09333333333336
"Fellowes Twister Kit, Gray/Clear, 3/pkg",15.812,79.06
File Shuttle I and Handi-File,87.556,437.78
"File Shuttle II and Handi-File, Black",160.73542857142857,803.6771428571428
First Data FD10 PIN Pad,344.44,1722.2
First Data TMFD35 PIN Pad,285.6,1428.0
"Fiskars 8"" Scissors, 2/Pack",54.306,271.53
Fiskars Home & Office Scissors,31.08,155.39999999999998
Fiskars Softgrip Scissors,43.92,219.60000000000002
Fiskars Spring-Action Scissors,18.873,94.36500000000001
Flat Face Poster Frame,49.66909090909091,248.34545454545457
Flexible Leather- Look Classic Collection Ring Binder,23.675,118.375
"Floodlight Indoor Halogen Bulbs, 1 Bulb per Pack, 60 Watts",72.42666666666666,362.1333333333333
Fluorescent Highlighters by Dixon,18.1488,90.744
G.E. Halogen Desk Lamp Bulbs,12.564,62.82
G.E. Longer-Life Indoor Recessed Floodlight Bulbs,13.501333333333335,67.50666666666667
GBC Binding covers,45.75666666666666,228.7833333333333
"GBC Clear Cover, 8-1/2 x 11, unpunched, 25 covers per pack",34.11,170.55
GBC DocuBind 200 Manual Binding Machine,1052.4499999999998,5262.249999999999
GBC DocuBind 300 Electric Binding Machine,848.14275,4240.71375
GBC DocuBind P100 Manual Binding Machine,369.3055,1846.5275
GBC DocuBind P400 Electric Binding System,2994.178,14970.89
GBC DocuBind P50 Personal Binding Machine,226.48919999999998,1132.446
GBC DocuBind TL200 Manual Binding Machine,720.469,3602.3450000000003
GBC DocuBind TL300 Electric Binding System,1802.1344545454544,9010.672272727272
GBC Durable Plastic Covers,46.16357142857142,230.81785714285712
GBC Ibimaster 500 Manual ProClick Binding System,2113.8333333333335,10569.166666666668
GBC Imprintable Covers,30.195,150.975
GBC Instant Index System for Binding Systems,14.3856,71.928
GBC Instant Report Kit,12.691153846153847,63.455769230769235
"GBC Laser Imprintable Binding System Covers, Desert Sand",22.5466,112.733
GBC Linen Binding Covers,34.59433333333333,172.97166666666666
GBC Personal VeloBind Strips,21.364333333333335,106.82166666666667
GBC Plastic Binding Combs,17.2692,86.346
GBC Plasticlear Binding Covers,9.84,49.2
GBC Poly Designer Binding Covers,42.687000000000005,213.43500000000003
"GBC Pre-Punched Binding Paper, Plastic, White, 8-1/2"" x 11""",34.645,173.22500000000002
GBC Premium Transparent Covers with Diagonal Lined Pattern,55.746857142857145,278.7342857142857
"GBC Prepunched Paper, 19-Hole, for Binding Systems, 24-lb",54.223625,271.11812499999996
GBC Prestige Therm-A-Bind Covers,107.88588888888889,539.4294444444445
GBC ProClick 150 Presentation Binding System,644.5992,3222.996
GBC ProClick Punch Binding System,224.844,1124.22
GBC ProClick Spines for 32-Hole Punch,13.281799999999999,66.40899999999999
GBC Recycled Grain Textured Covers,93.25800000000001,466.2900000000001
GBC Recycled Regency Composition Covers,234.3376,1171.688
GBC Recycled VeloBinder Covers,60.918000000000006,304.59000000000003
GBC Standard Plastic Binding Systems Combs,11.151,55.754999999999995
GBC Standard Plastic Binding Systems' Combs,13.5805,67.9025
"GBC Standard Recycled Report Covers, Clear Plastic Sheets",21.560000000000002,107.80000000000001
GBC Standard Therm-A-Bind Covers,40.32509090909091,201.62545454545455
GBC Therma-A-Bind 250T Electric Binding System,590.352,2951.7599999999998
GBC Twin Loop Wire Binding Elements,104.1664,520.832
"GBC Twin Loop Wire Binding Elements, 9/16"" Spine, Black",29.932666666666666,149.66333333333333
GBC VeloBind Cover Sets,31.16072727272727,155.80363636363637
GBC VeloBinder Electric Binding Machine,124.0045,620.0224999999999
GBC VeloBinder Manual Binding System,105.27075,526.35375
GBC VeloBinder Strips,13.248,66.24
"GBC Velobind Prepunched Cover Sets, Regency Series",85.67033333333332,428.3516666666666
"GBC White Gloss Covers, Plain Front",38.475428571428566,192.37714285714281
GBC Wire Binding Combs,26.293142857142858,131.46571428571428
GBC Wire Binding Strips,42.531600000000005,212.65800000000002
GE 2-Jack Phone Line Splitter,590.5046666666667,2952.5233333333335
GE 30522EE2,386.6333333333334,1933.166666666667
GE 30524EE4,587.97,2939.8500000000004
"GE 4 Foot Flourescent Tube, 40 Watt",32.955999999999996,164.77999999999997
"GE 48"" Fluorescent Tube, Cool White Energy Saver, 34 Watts, 30/Box",337.382,1686.91
GE DSL Phone Line Filter,123.96900000000001,619.845
"GE General Purpose, Extra Long Life, Showcase & Floodlight Incandescent Bulbs",6.485142857142857,32.425714285714285
"GE General Use Halogen Bulbs, 100 Watts, 1 Bulb per Pack",69.102,345.51
Gear Head AU3700S Headset,63.217999999999996,316.09
Geemarc AmpliPOWER60,310.4581818181818,1552.290909090909
"Geographics Note Cards, Blank, White, 8 1/2"" x 11""",25.364,126.82000000000001
"Global Adaptabilites Bookcase, Cherry/Storm Gray Finish",1723.92,8619.6
Global Adaptabilities Conference Tables,885.087,4425.4349999999995
"Global Airflow Leather Mesh Back Chair, Black",434.0675,2170.3375
"Global Armless Task Chair, Royal Blue",174.55525,872.77625
Global Chrome Stack Chair,135.97733333333335,679.8866666666668
Global Comet Stacking Arm Chair,1216.8288,6084.144
Global Comet Stacking Armless Chair,562.214,2811.07
Global Commerce Series High-Back Swivel/Tilt Chairs,886.6044444444445,4433.022222222223
Global Commerce Series Low-Back Swivel/Tilt Chairs,631.4365714285714,3157.182857142857
Global Deluxe High-Back Manager's Chair,1083.14925,5415.74625
Global Deluxe High-Back Office Chair in Storm,362.64000000000004,1813.2000000000003
Global Deluxe Office Fabric Chairs,236.75066666666666,1183.7533333333333
"Global Deluxe Stacking Chair, Gray",109.24285714285715,546.2142857142858
Global Deluxe Steno Chair,177.054,885.27
Global Enterprise Series Seating High-Back Swivel/Tilt Chairs,508.0875,2540.4375
Global Enterprise Series Seating Low-Back Swivel/Tilt Chairs,207.184,1035.92
Global Ergonomic Managers Chair,546.2305454545454,2731.152727272727
Global Executive Mid-Back Manager's Chair,771.0970000000001,3855.4850000000006
"Global Fabric Manager's Chair, Dark Gray",363.528,1817.64
"Global Geo Office Task Chair, Gray",251.038,1255.19
"Global High-Back Leather Tilter, Burgundy",388.297,1941.4850000000001
Global Highback Leather Tilter in Burgundy,294.201,1471.005
Global Italian Leather Office Chair,484.626,2423.13
"Global Leather & Oak Executive Chair, Burgundy",331.958,1659.7900000000002
Global Leather Executive Chair,837.361857142857,4186.809285714286
"Global Leather Highback Executive Chair with Pneumatic Height Adjustment, Black",544.4730909090908,2722.365454545454
"Global Leather Task Chair, Black",181.104875,905.524375
"Global Leather and Oak Executive Chair, Black",801.35925,4006.79625
Global Low Back Tilter Chair,218.36925000000002,1091.84625
"Global Manager's Adjustable Task Chair, Storm",493.20133333333337,2466.0066666666667
"Global Push Button Manager's Chair, Indigo",242.88344444444445,1214.4172222222223
"Global Stack Chair with Arms, Black",114.78057142857143,573.9028571428572
"Global Stack Chair without Arms, Black",128.78657142857142,643.9328571428571
Global Super Steno Chair,341.41457142857143,1707.0728571428572
"Global Task Chair, Black",92.6198,463.099
Global Troy Executive Leather Low-Back Tilter,1441.709111111111,7208.545555555555
"Global Value Mid-Back Manager's Chair, Gray",198.23077777777777,991.1538888888889
"Global Value Steno Chair, Gray",220.4862,1102.431
"Global Wood Trimmed Manager's Task Chair, Khaki",297.6345714285714,1488.172857142857
Globe Weis Peel & Seel First Class Envelopes,53.675999999999995,268.38
Google Nexus 5,763.1576,3815.788
"Gould Plastics 18-Pocket Panel Bin, 34w x 5-1/4d x 20-1/2h",229.975,1149.875
"Gould Plastics 9-Pocket Panel Bin, 18-3/8w x 5-1/4d x 20-1/2h, Black",158.97,794.85
Grandstream GXP1160 VoIP phone,133.94866666666667,669.7433333333333
Grandstream GXP2100 Mainstream Business Phone,149.15550000000002,745.7775000000001
Great White Multi-Use Recycled Paper (20Lb. and 84 Bright),21.229,106.145
Green Bar Computer Printout Paper,171.4752,857.376
"Green Canvas Binder for 8-1/2"" x 14"" Sheets",113.848,569.24
Griffin GC17055 Auxiliary Audio Cable,65.96333333333332,329.8166666666666
Griffin GC36547 PowerJolt SE Lightning Charger,58.474,292.37
Grip Seal Envelopes,7.072,35.36
GuestStacker Chair with Chrome Finish Legs,1133.868,5669.34
HON 5400 Series Task Chairs for Big and Tall,2733.822,13669.11
"HP Designjet T520 Inkjet Large Format Printer - 24"" Color",6124.965,30624.825
HP Office Paper (20Lb. and 87 Bright),43.42,217.10000000000002
HP Office Recycled Paper (20Lb. and 87 Bright),26.588,132.94
"HP Officejet Pro 8600 e-All-In-One Printer, Copier, Scanner, Fax",224.985,1124.9250000000002
HP Standard 104 key PS/2 Keyboard,45.916666666666664,229.58333333333331
HTC One,279.972,1399.86
HTC One Mini,510.2595,2551.2975
Hammermill Color Copier Paper (28Lb. and 96 Bright),14.985,74.925
Hammermill CopyPlus Copy Paper (20Lb. and 84 Bright),10.956000000000001,54.78000000000001
Hand-Finished Solid Wood Document Frame,86.716,433.58
Hanging Personal Folder File,50.239999999999995,251.2
Harbour Creations 67200 Series Stacking Chairs,187.73725000000002,938.6862500000001
Harbour Creations Steel Folding Chair,298.640625,1493.203125
Harmony Air Purifier,389.34000000000003,1946.7000000000003
Harmony HEPA Quiet Air Purifiers,32.175,160.875
Heavy-Duty E-Z-D Binders,22.092750000000002,110.46375
Hewlett Packard 310 Color Digital Copier,699.9766666666666,3499.8833333333328
Hewlett Packard 610 Color Digital Copier / Printer,1271.403142857143,6357.015714285715
Hewlett Packard LaserJet 3310 Copier,2354.96075,11774.803750000001
Hewlett-Packard 300S Scientific Calculator,65.55,327.75
Hewlett-Packard Deskjet 3050a All-in-One Color Inkjet Printer,3040.0,15200.0
Hewlett-Packard Deskjet 5550 Printer,597.132,2985.66
Hewlett-Packard Deskjet 6540 Color Inkjet Printer,698.105,3490.525
Hewlett-Packard Deskjet D4360 Printer,447.968,2239.84
Hewlett-Packard Deskjet F4180 All-in-One Color Ink-jet - Printer / copier / scanner,101.994,509.97
Hewlett-Packard Desktjet 6988DT Refurbished Printer,3404.5,17022.5
High Speed Automatic Electric Letter Opener,5676.770666666666,28383.853333333333
High-Back Leather Manager's Chair,530.0703333333333,2650.3516666666665
Holmes 99% HEPA Air Purifier,83.391,416.95500000000004
"Holmes Cool Mist Humidifier for the Whole House with 8-Gallon Output per Day, Extended Life Filter",36.815,184.075
Holmes HEPA Air Purifier,39.93,199.65
Holmes Harmony HEPA Air Purifier for 17 x 20 Room,675.12,3375.6
Holmes Odor Grabber,44.702,223.51
"Holmes Replacement Filter for HEPA Air Cleaner, Large Room",37.7655,188.82750000000001
"Holmes Replacement Filter for HEPA Air Cleaner, Medium Room",50.985,254.925
"Holmes Replacement Filter for HEPA Air Cleaner, Very Large Room, HEPA Filter",138.30810000000002,691.5405000000001
"Holmes Visible Mist Ultrasonic Humidifier with 2.3-Gallon Output per Day, Replacement Filter",23.772000000000002,118.86000000000001
Home/Office Personal File Carts,140.03314285714285,700.1657142857142
Hon 2090 “Pillow Soft” Series Mid Back Swivel/Tilt Chairs,880.404,4402.02
Hon 2111 Invitation Series Corner Table,785.1375,3925.6875
Hon 2111 Invitation Series Straight Table,291.4362857142857,1457.1814285714286
"Hon 30"" x 60"" Table with Locking Drawer",432.00933333333336,2160.0466666666666
Hon 4-Shelf Metal Bookcases,368.577,1842.885
Hon 4060 Series Tables,307.89,1539.4499999999998
Hon 4070 Series Pagoda Armless Upholstered Stacking Chairs,1053.874625,5269.373125
Hon 4070 Series Pagoda Round Back Stacking Chairs,663.3586666666666,3316.793333333333
Hon 4700 Series Mobuis Mid-Back Task Chairs with Adjustable Arms,1263.729,6318.645
Hon 5100 Series Wood Tables,852.1557142857143,4260.778571428572
Hon 61000 Series Interactive Training Tables,72.754125,363.770625
Hon 94000 Series Round Tables,1480.9,7404.5
Hon Comfortask Task/Swivel Chairs,281.15066666666667,1405.7533333333333
Hon Deluxe Fabric Upholstered Stacking Chairs,646.5469999999999,3232.7349999999997
"Hon Deluxe Fabric Upholstered Stacking Chairs, Rounded Back",886.4606666666667,4432.303333333333
"Hon Deluxe Fabric Upholstered Stacking Chairs, Squared Back",634.348,3171.74
Hon Every-Day Chair Series Swivel Task Chairs,322.61333333333334,1613.0666666666666
Hon Every-Day Series Multi-Task Chairs,674.8482,3374.241
Hon GuestStacker Chair,770.678,3853.39
"Hon Metal Bookcases, Black",314.01552,1570.0775999999998
"Hon Metal Bookcases, Gray",425.88,2129.4
"Hon Metal Bookcases, Putty",264.04560000000004,1320.228
Hon Mobius Operator's Chair,541.156,2705.7799999999997
Hon Multipurpose Stacking Arm Chairs,1097.44,5487.200000000001
Hon Non-Folding Utility Tables,755.1294,3775.647
Hon Olson Stacker Chairs,1356.9975,6784.987499999999
Hon Olson Stacker Stools,529.4456,2647.228
Hon Pagoda Stacking Chairs,1620.949,8104.745000000001
"Hon Practical Foundations 30 x 60 Training Table, Light Gray/Charcoal",722.47125,3612.3562500000003
Hon Racetrack Conference Tables,660.6501666666667,3303.2508333333335
Hon Rectangular Conference Tables,870.37875,4351.89375
Hon Valutask Swivel Chairs,310.5135,1552.5675
Honeywell Enviracaire Portable Air Cleaner for up to 8 x 10 Room,149.60399999999998,748.02
Honeywell Enviracaire Portable HEPA Air Cleaner for 16' x 20' Room,1285.0600000000002,6425.300000000001
Honeywell Enviracaire Portable HEPA Air Cleaner for 17' x 22' Room,1271.32,6356.599999999999
Honeywell Enviracaire Portable HEPA Air Cleaner for up to 10 x 16 Room,440.0553333333333,2200.2766666666666
Honeywell Quietcare HEPA Air Cleaner,293.62666666666667,1468.1333333333332
Hoover Commercial Lightweight Upright Vacuum,9.048,45.24
Hoover Commercial Lightweight Upright Vacuum with E-Z Empty Dirt Cup,341.11733333333336,1705.5866666666668
Hoover Commercial Soft Guard Upright Vacuum And Disposable Filtration Bags,22.921499999999998,114.60749999999999
Hoover Commercial SteamVac,42.098,210.49
Hoover Portapower Portable Vacuum,15.456,77.28
Hoover Replacement Belt for Commercial Guardsman Heavy-Duty Upright Vacuum,2.442,12.21
"Hoover Replacement Belts For Soft Guard & Commercial Ltweight Upright Vacs, 2/Pk",11.218,56.09
Hoover Shoulder Vac Commercial Portable Vacuum,834.9133333333333,4174.566666666667
Hoover Upright Vacuum With Dirt Cup,1138.818,5694.09
Hoover WindTunnel Plus Canister Vacuum,1017.1,5085.5
"Hot File 7-Pocket, Floor Stand",626.0178461538461,3130.0892307692307
"Howard Miller 11-1/2"" Diameter Brentwood Wall Clock",170.3635,851.8174999999999
"Howard Miller 11-1/2"" Diameter Grantwood Wall Clock",83.38466666666666,416.9233333333333
"Howard Miller 11-1/2"" Diameter Ridgewood Wall Clock",197.37199999999999,986.8599999999999
"Howard Miller 12"" Round Wall Clock",239.66899999999998,1198.3449999999998
Howard Miller 12-3/4 Diameter Accuwave DS  Wall Clock,393.45,1967.25
"Howard Miller 13"" Diameter Goldtone Round Wall Clock",173.678,868.39
"Howard Miller 13"" Diameter Pewter Finish Round Wall Clock",152.8664,764.332
"Howard Miller 13-1/2"" Diameter Rosebrook Wall Clock",189.80519999999999,949.026
"Howard Miller 13-3/4"" Diameter Brushed Chrome Round Wall Clock",147.2,736.0
"Howard Miller 14-1/2"" Diameter Chrome Round Wall Clock",233.8377142857143,1169.1885714285715
"Howard Miller 16"" Diameter Gallery Wall Clock",143.865,719.325
Howard Miller Distant Time Traveler Alarm Clock,88.658,443.29
"Hunt BOSTON Model 1606 High-Volume Electric Pencil Sharpener, Beige",1113.024,5565.119999999999
"Hunt BOSTON Vista Battery-Operated Pencil Sharpener, Black",20.988,104.94
Hunt Boston Vacuum Mount KS Pencil Sharpener,134.3616,671.808
"Hunt PowerHouse Electric Pencil Sharpener, Blue",161.79479999999998,808.9739999999999
Hypercom P1300 Pinpad,159.6,798.0
I Need's 3d Hello Kitty Hybrid Silicone Case Cover for HTC One X 4g with 3d Hello Kitty Stylus Pen Green/pink,54.2984,271.492
I.R.I.S IRISCard Anywhere 5 Card Scanner,350.973,1754.865
"IBM Multi-Purpose Copy Paper, 8 1/2 x 11"", Case",76.41733333333333,382.08666666666664
Ibico Covers for Plastic or Wire Binding Elements,26.285714285714285,131.42857142857142
Ibico EB-19 Dual Function Manual Binding System,404.364125,2021.820625
Ibico EPK-21 Electric Binding System,5291.972000000001,26459.860000000004
Ibico Hi-Tech Manual Binding System,490.7566363636364,2453.783181818182
Ibico Ibimaster 300 Manual Binding System,1035.6290000000001,5178.145
Ibico Laser Imprintable Binding System Covers,137.55,687.75
Ibico Plastic Spiral Binding Combs,84.65230769230769,423.2615384615384
Ibico Plastic and Wire Spiral Binding Combs,23.135666666666665,115.67833333333333
Ibico Presentation Index for Binding Systems,10.291142857142857,51.455714285714286
Ibico Recycled Grain-Textured Covers,28.78333333333333,143.91666666666666
Ibico Recycled Linen-Style Covers,104.16000000000001,520.8000000000001
Ibico Standard Transparent Covers,30.579555555555558,152.89777777777778
Iceberg Mobile Mega Data/Printer Cart,718.97175,3594.8587500000003
"Iceberg Nesting Folding Chair, 19w x 6d x 43h",264.901,1324.505
"Iceberg OfficeWorks 42"" Round Tables",493.92028571428574,2469.6014285714286
Ideal Clamps,7.336499999999999,36.6825
Imation Bio 2GB USB Flash Drive Imation Corp,699.6266666666667,3498.133333333333
Imation Bio 8GB USB Flash Drive Imation Corp,664.96,3324.8
Imation 16GB Mini TravelDrive USB 2.0 Flash Drive,111.90577777777779,559.5288888888889
Imation 30456 USB Flash Drive 8GB,30.912,154.56
Imation 32GB Pocket Pro USB 3.0 Flash Drive - 32 GB - Black - 1 P ...,93.44399999999999,467.2199999999999
Imation 8GB Mini TravelDrive USB 2.0 Flash Drive,116.73466666666666,583.6733333333333
Imation 8gb Micro Traveldrive Usb 2.0 Flash Drive,44.625,223.125
Imation Clip USB flash drive - 8 GB,63.38285714285714,316.9142857142857
Imation Secure+ Hardware Encrypted USB 2.0 Flash Drive; 16GB,321.156,1605.78
Imation Secure Drive + Hardware Encrypted USB flash drive - 16 GB,148.161,740.8050000000001
Imation Swivel Flash Drive USB flash drive - 8 GB,27.287999999999997,136.44
Imation USB 2.0 Swivel Flash Drive USB flash drive - 4 GB - Pink,15.15,75.75
"Important Message Pads, 50 4-1/4 x 5-1/2 Forms per Pad",13.649999999999999,68.25
"Ink Jet Note and Greeting Cards, 8-1/2"" x 5-1/2"" Card Size",40.464,202.32
Innergie mMini Combo Duo USB Travel Charging Kit,124.47233333333332,622.3616666666667
Insertable Tab Indexes For Data Binders,3.4979999999999998,17.49
Insertable Tab Post Binder Dividers,8.32075,41.603750000000005
"Inter-Office Recycled Envelopes, Brown Kraft, Button-String,10"" x 13"" , 100/Box",65.94,329.7
"Iris 3-Drawer Stacking Bin, Black",94.70133333333332,473.5066666666666
Iris Project Case,37.506,187.53
"It's Hot Message Books with Stickers, 2 3/4"" x 5""",26.344,131.72
JBL Micro Wireless Portable Bluetooth Speaker,129.97833333333332,649.8916666666667
JM Magazine Binder,34.12066666666667,170.60333333333335
Jabra BIZ 2300 Duo QD Duo Corded Headset,431.76599999999996,2158.83
Jabra SPEAK 410,350.89599999999996,1754.4799999999998
Jabra SPEAK 410 Multidevice Speakerphone,672.9006666666667,3364.503333333333
Jabra Supreme Plus Driver Edition Headset,431.96400000000006,2159.82
Jackery Bar Premium Fast-charging Portable Charger,116.805,584.0250000000001
Jawbone JAMBOX Wireless Bluetooth Speaker,674.0906666666666,3370.453333333333
Jawbone MINI JAMBOX Wireless Bluetooth Speaker,405.4608,2027.304
Jensen SMPS-640 - speaker phone,124.146,620.73
Jet-Pak Recycled Peel 'N' Seal Padded Mailers,138.1765,690.8825
Jiffy Padded Mailers with Self-Seal Closure,29.808,149.04
KI Adjustable-Height Table,262.74476470588235,1313.7238235294117
KI Conference Tables,267.60975,1338.0487500000002
KLD Oscar II Style Snap-on Ultra Thin Side Flip Synthetic Leather Cover Case for HTC One HTC M7,42.120000000000005,210.60000000000002
Kensington 4 Outlet MasterPiece Compact Power Control Center,355.4845714285714,1777.422857142857
Kensington 6 Outlet Guardian Standard Surge Protector,68.26666666666667,341.3333333333333
Kensington 6 Outlet MasterPiece HOMEOFFICE Power Control Center,406.08000000000004,2030.4
Kensington 6 Outlet SmartSocket Surge Protector,73.764,368.82
Kensington 7 Outlet MasterPiece HOMEOFFICE Power Control Center,498.25600000000003,2491.28
Kensington 7 Outlet MasterPiece Power Center,576.6551999999999,2883.276
Kensington 7 Outlet MasterPiece Power Center with Fax/Phone Line Protection,368.277,1841.385
Kensington Expert Mouse Optical USB Trackball for PC or Mac,281.8036666666667,1409.0183333333334
Kensington K72356US Mouse-in-a-Box USB Desktop Mouse,53.641,268.205
Kensington Orbit Wireless Mobile Trackball for PC and Mac,377.937,1889.685
Kensington SlimBlade Notebook Wireless Mouse with Nano Receiver,137.4725,687.3625
KeyTronic 6101 Series - Keyboard - Black,180.356,901.78
KeyTronic E03601U1 - Keyboard - Beige,61.2,306.0
KeyTronic KT400U2 - Keyboard - Black,49.343999999999994,246.71999999999997
KeyTronic KT800P2 - Keyboard - Black,25.03333333333333,125.16666666666666
Kingston Digital DataTraveler 16GB USB 2.0,36.76384615384615,183.81923076923076
Kingston Digital DataTraveler 32GB USB 2.0,50.85,254.25
Kingston Digital DataTraveler 64GB USB 2.0,101.34,506.70000000000005
Kingston Digital DataTraveler 8GB USB 2.0,14.676666666666668,73.38333333333334
Kleencut Forged Office Shears by Acme United Corporation,4.784,23.919999999999998
Konftel 250 Conference phone - Charcoal black,555.399,2776.995
Konica Minolta magicolor 1690MF Multifunction Printer,319.92,1599.6000000000001
"LF Elite 3D Dazzle Designer Hard Case Cover, Lf Stylus Pen and Wiper For Apple Iphone 5c Mini Lite",32.7,163.5
LG Electronics Tone+ HBS-730 Bluetooth Headset,249.94199999999998,1249.7099999999998
LG Exalt,384.7753333333333,1923.8766666666666
LG G2,1499.97,7499.85
LG G3,450.777,2253.8849999999998
Laminate Occasional Tables,698.7226666666667,3493.6133333333332
Large Capacity Hanging Post Binders,55.388999999999996,276.945
Laser & Ink Jet Business Envelopes,39.6924,198.462
"Leather Task Chair, Black",172.86200000000002,864.3100000000002
Lenovo 17-Key USB Numeric Keypad,73.41839999999999,367.092
"Lesro Round Back Collection Coffee Table, End Table",355.97249999999997,1779.8624999999997
"Lesro Sheffield Collection Coffee Table, End Table, Center Table, Corner Table",255.346,1276.73
Letter Size Cart,575.0115,2875.0575
Letter Size File,170.70999999999998,853.55
Letter Slitter,5.04,25.2
Letter or Legal Size Expandable Poly String Tie Envelopes,9.177,45.885
"Letter/Legal File Tote with Clear Snap-On Lid, Black Granite",54.604,273.02
Lexmark 20R1285 X6650 Wireless All-in-One Printer,300.0,1500.0
Lexmark MX611dhe Monochrome Laser Printer,4207.47525,21037.37625
Lexmark MarkNet N8150 Wireless Print Server,361.755,1808.775
Lexmark S315 Color Inkjet Printer,149.985,749.9250000000001
Lexmark X 9575 Professional All-in-One Color Printer,396.0,1980.0
"Lifetime Advantage Folding Chairs, 4/Carton",744.5874285714286,3722.937142857143
"Linden 10"" Round Wall Clock, Black",42.27466666666667,211.37333333333333
"Linden 12"" Wall Clock With Oak Frame",101.94,509.7
Lock-Up Easel 'Spel-Binder',100.67014285714286,503.35071428571433
Logitech 910-002974 M325 Wireless Mouse for Web Scrolling,93.96866666666666,469.8433333333333
"Logitech B530 USB Headset - headset - Full size, Binaural",73.97999999999999,369.9
Logitech ClearChat Comfort/USB Headset H390,88.84633333333333,444.2316666666667
Logitech Desktop MK120 Mouse and keyboard Combo,64.89466666666667,324.47333333333336
Logitech G105 Gaming Keyboard,151.9872,759.936
Logitech G13 Programmable Gameboard with LCD Display,259.9675,1299.8374999999999
Logitech G19 Programmable Gaming Keyboard,548.65575,2743.27875
Logitech G35 7.1-Channel Surround Sound Headset,359.63900000000007,1798.1950000000004
Logitech G430 Surround Sound Gaming Headset with Dolby 7.1 Technology,389.2846666666667,1946.4233333333334
Logitech G500s Laser Gaming Mouse with Adjustable Weight Tuning,349.95,1749.75
Logitech G600 MMO Gaming Mouse,229.30466666666666,1146.5233333333333
Logitech G602 Wireless Gaming Mouse,233.97075,1169.85375
Logitech G700s Rechargeable Gaming Mouse,259.974,1299.87
Logitech Illuminated Ultrathin Keyboard with Backlighting,170.97,854.85
Logitech K350 2.4Ghz Wireless Keyboard,230.9328,1154.664
Logitech Keyboard K120,58.080000000000005,290.40000000000003
Logitech M510 Wireless Mouse,79.98,399.90000000000003
Logitech Media Keyboard K200,125.964,629.8199999999999
Logitech Mobile Speakerphone P710e - speaker phone,383.34319999999997,1916.716
Logitech Trackman Marble Mouse,85.97133333333333,429.8566666666667
Logitech Wireless Anywhere Mouse MX for PC and Mac,183.96933333333334,919.8466666666667
Logitech Wireless Gaming Headset G930,396.77520000000004,1983.8760000000002
Logitech Wireless Headset H600 Over-The-Head Design,193.45499999999998,967.2749999999999
Logitech Wireless Headset h800,466.61999999999995,2333.1
Logitech Wireless Marathon Mouse M705,176.21475,881.07375
Logitech Wireless Performance Mouse MX for PC and Mac,257.1171428571428,1285.5857142857142
Logitech Wireless Touch Keyboard K400,121.618,608.0899999999999
Logitech diNovo Edge Keyboard,1479.9407999999999,7399.704
Logitech Gaming G510s - Keyboard,295.34024999999997,1476.7012499999998
Logitech Illuminated - Keyboard,189.96833333333333,949.8416666666667
Logitech LS21 Speaker System - PC Multimedia - 2.1-CH - Wired,34.64933333333333,173.24666666666667
Logitech MX Performance Wireless Mouse,124.98866666666667,624.9433333333334
Logitech P710e Mobile Speakerphone,1132.956,5664.78
Logitech VX Revolution Cordless Laser Mouse for Notebooks (Black),748.7584,3743.7920000000004
"Logitech Wireless Boombox Speaker - portable - wireless, wired",191.52,957.6
Logitech Z-906 Speaker sys - home theater - 5.1-CH,1402.4575,7012.2875
Longer-Life Soft White Bulbs,11.84088888888889,59.20444444444445
Loose Memo Sheets,9.125,45.625
Lumber Crayons,28.564999999999998,142.825
Lunatik TT5L-002 Taktik Strike Impact Protection System for iPhone 5,93.88600000000001,469.43000000000006
Luxo Adjustable Task Clamp Lamp,386.454,1932.27
Luxo Economy Swing Arm Lamp,67.796,338.98
Luxo Professional Combination Clamp-On Lamps,204.6,1023.0
Luxo Professional Fluorescent Magnifier Lamp with Clamp-Mount Base,772.2112,3861.0559999999996
Luxo Professional Magnifying Clamp-On Fluorescent Lamps,317.2305,1586.1525000000001
Macally Suction Cup Mount,69.9075,349.5375
Magna Visual Magnetic Picture Hangers,14.138666666666667,70.69333333333334
Magnifier Swing Arm Lamp,50.352000000000004,251.76000000000002
Manco Dry-Lighter Erasable Highlighter,12.594285714285714,62.971428571428575
"Manila Recycled Extra-Heavyweight Clasp Envelopes, 6"" x 9""",31.293,156.465
Martin Yale Chadless Opener Electric Letter Opener,2776.0333333333333,13880.166666666666
Martin-Yale Premier Letter Opener,33.856,169.28
"Master Big Foot Doorstop, Beige",25.343999999999998,126.71999999999998
"Master Caster Door Stop, Brown",19.642666666666667,98.21333333333334
"Master Caster Door Stop, Gray",11.938,59.690000000000005
"Master Caster Door Stop, Large Brown",19.898666666666667,99.49333333333334
"Master Caster Door Stop, Large Neon Orange",22.048000000000002,110.24000000000001
"Master Giant Foot Doorstop, Safety Yellow",27.83,139.14999999999998
Maxell 4.7GB DVD+R 5/Pack,2.3364000000000003,11.682000000000002
Maxell 4.7GB DVD+RW 3/Pack,66.1095,330.5475
Maxell 4.7GB DVD-R,111.972,559.86
Maxell 4.7GB DVD-R 5/Pack,3.8015999999999996,19.008
Maxell 4.7GB DVD-RW 3/Pack,36.638999999999996,183.195
"Maxell 74 Minute CD-R Spindle, 50/Pack",57.6675,288.3375
"Maxell 74 Minute CDR, 10/Pack",46.552800000000005,232.764
Maxell CD-R Discs,5.253333333333333,26.266666666666666
Maxell DVD-RAM Discs,98.88,494.4
"Maxell Pro 80 Minute CD-R, 10/Pack",73.416,367.08
Maxell LTO Ultrium - 800 GB,143.14885714285714,715.7442857142858
Maxell iVDR EX 500GB Cartridge,1377.7,6888.5
"Mead 1st Gear 2"" Zipper Binder, Asst. Colors",18.158,90.79
Mediabridge Sport Armband iPhone 5s,36.82028571428572,184.10142857142858
"Memo Book, 100 Message Capacity, 5 3/8” x 11”",25.612,128.06
"Memorex 25GB 6X Branded Blu-Ray Recordable Disc, 15/Pack",74.756,373.78
"Memorex 25GB 6X Branded Blu-Ray Recordable Disc, 30/Pack",118.215,591.075
Memorex Froggy Flash Drive 4 GB,27.255200000000002,136.276
Memorex Froggy Flash Drive 8 GB,58.82857142857143,294.14285714285717
Memorex Micro Travel Drive 16 GB,79.49314285714286,397.4657142857143
Memorex Micro Travel Drive 32 GB,75.9408,379.70399999999995
Memorex Micro Travel Drive 4 GB,34.626666666666665,173.13333333333333
Memorex Micro Travel Drive 8 GB,37.375,186.875
Memorex Mini Travel Drive 16 GB USB 2.0 Flash Drive,99.014,495.07
Memorex Mini Travel Drive 32 GB USB 2.0 Flash Drive,140.0,700.0
Memorex Mini Travel Drive 4 GB USB 2.0 Flash Drive,13.616,68.08
Memorex Mini Travel Drive 64 GB USB 2.0 Flash Drive,101.47200000000001,507.36
Memorex Mini Travel Drive 8 GB USB 2.0 Flash Drive,38.9088,194.54399999999998
"Message Book, Phone, Wirebound Standard Line Memo, 2 3/4"" X 5""",23.842,119.21
"Message Book, Standard Line ""While You Were Out"", 5 1/2"" X 4"", 200 Sets/Book",25.68,128.4
"Message Book, Wirebound, Four 5 1/2"" X 4"" Forms/Pg., 200 Dupl. Sets/Book",25.357333333333333,126.78666666666666
"Metal Folding Chairs, Beige, 4/Carton",137.11759999999998,685.588
Micro Innovations USB RF Wireless Keyboard with Mouse,73.33333333333333,366.66666666666663
Micro Innovations Wireless Classic Keyboard with Mouse,53.982,269.90999999999997
Micropad Numeric Keypads,72.96350000000001,364.81750000000005
Microsoft Arc Touch Mouse,179.85000000000002,899.2500000000001
Microsoft Natural Ergonomic Keyboard 4000,111.5628,557.814
Microsoft Natural Keyboard Elite,374.25,1871.25
Microsoft Sculpt Comfort Mouse,157.13666666666666,785.6833333333333
Microsoft Wireless Mobile Mouse 4000,147.963,739.8149999999999
"Mini 13-1/2 Capacity Data Binder Rack, Pearl",293.14880000000005,1465.7440000000001
Mitel 5320 IP Phone VoIP phone,529.172,2645.86
Mitel MiVoice 5330e IP Phone,855.5244444444445,4277.622222222222
Mobile Personal File Cube,89.9328,449.664
Model L Table or Wall-Mount Pencil Sharpener,80.5952,402.976
Mophie Juice Pack Helium for iPhone,263.96700000000004,1319.8350000000003
Motorla HX550 Universal Bluetooth Headset,104.8075,524.0375
Motorola Droid Maxx,652.4565,3262.2825000000003
Motorola HK250 Universal Bluetooth Headset,92.4708888888889,462.3544444444445
Motorola L703CM,701.9549999999999,3509.7749999999996
Motorola L804,101.178,505.89
Motorola Moto X,815.976,4079.88
"Multi-Use Personal File Cart and Caster Set, Three Stacking Bins",73.6912,368.45599999999996
Multicolor Computer Printout Paper,377.46,1887.3
Multimedia Mailers,325.86,1629.3000000000002
NETGEAR AC1750 Dual Band Gigabit Smart WiFi Router,524.7672,2623.8360000000002
NETGEAR N750 Dual Band Wi-Fi Gigabit Router,270.0,1350.0
NETGEAR RangeMax WNR1000 Wireless Router,59.976,299.88
"Neat Ideas Personal Hanging Folder Files, Black",39.52257142857143,197.61285714285717
NeatDesk Desktop Scanner & Digital Filing System,479.988,2399.94
Newell 3-Hole Punched Plastic Slotted Magazine Holders for Binders,8.530666666666667,42.653333333333336
Newell 307,6.430666666666667,32.153333333333336
Newell 308,4.2,21.0
Newell 309,39.27,196.35000000000002
Newell 31,18.998,94.99000000000001
Newell 310,5.531428571428571,27.657142857142855
Newell 311,7.67975,38.39875
Newell 312,21.342545454545455,106.71272727272728
Newell 313,9.402666666666667,47.013333333333335
Newell 314,16.899428571428572,84.49714285714286
Newell 315,24.31866666666667,121.59333333333335
Newell 316,23.472,117.36000000000001
Newell 317,11.423999999999998,57.11999999999999
Newell 318,12.3432,61.715999999999994
Newell 319,63.984,319.92
Newell 32,7.872,39.36
Newell 320,11.617142857142856,58.085714285714275
Newell 321,16.4,82.0
Newell 322,5.096,25.48
Newell 323,7.056,35.28
Newell 324,38.115,190.57500000000002
Newell 325,21.338333333333335,106.69166666666668
Newell 326,6.101333333333333,30.506666666666664
Newell 327,9.945,49.725
Newell 328,25.30666666666667,126.53333333333335
Newell 329,12.136,60.67999999999999
Newell 33,15.996,79.98
Newell 330,14.950000000000001,74.75
Newell 331,18.8265,94.1325
Newell 332,13.4064,67.032
Newell 333,7.885090909090908,39.42545454545454
Newell 334,88.61866666666667,443.09333333333336
Newell 335,8.64,43.2
Newell 336,17.12,85.60000000000001
Newell 337,5.248,26.240000000000002
Newell 338,11.76,58.8
Newell 339,8.896,44.480000000000004
Newell 34,65.75542857142857,328.77714285714285
Newell 340,12.96,64.80000000000001
Newell 341,13.818285714285716,69.09142857142858
Newell 342,9.84,49.2
Newell 343,9.324,46.62
Newell 344,8.2288,41.144
Newell 345,52.906666666666666,264.5333333333333
Newell 346,6.336,31.68
Newell 347,18.22057142857143,91.10285714285715
Newell 348,10.933333333333332,54.66666666666666
Newell 349,14.213333333333333,71.06666666666666
Newell 35,10.350222222222222,51.75111111111111
Newell 350,10.386666666666667,51.93333333333334
Newell 351,11.808000000000002,59.040000000000006
Newell Chalk Holder,11.918000000000001,59.59
Nokia Lumia 1020,1439.968,7199.84
Nokia Lumia 521 (T-Mobile),103.1656,515.828
Nokia Lumia 925,436.76533333333333,2183.826666666667
Nontoxic Chalk,5.368,26.840000000000003
Nortel Business Series Terminal T7208 Digital phone,333.57599999999996,1667.8799999999999
Nortel Meridian M3904 Professional Digital phone,443.49120000000005,2217.456
Nortel Meridian M5316 Digital phone,686.2175,3431.0874999999996
Nortel Networks T7316 E Nt8 B27,312.75399999999996,1563.7699999999998
Novimex Fabric Task Chair,211.9055,1059.5275
Novimex High-Tech Fabric Mesh Task Chair,230.685,1153.425
Novimex Swivel Fabric Task Chair,340.78342857142854,1703.9171428571426
Novimex Turbo Task Chair,223.58700000000002,1117.9350000000002
Nu-Dell EZ-Mount Plastic Wall Frames,9.85,49.25
Nu-Dell Executive Frame,68.256,341.28
Nu-Dell Float Frame 11 x 14 1/2,24.374285714285715,121.87142857142858
Nu-Dell Leatherette Frames,82.21600000000001,411.08000000000004
Nu-Dell Oak Frame,50.552,252.76
O'Sullivan 2-Door Barrister Bookcase in Odessa Pine,698.0657142857143,3490.3285714285716
O'Sullivan 2-Shelf Heavy-Duty Bookcases,120.64033333333333,603.2016666666666
O'Sullivan 3-Shelf Heavy-Duty Bookcases,223.839,1119.195
O'Sullivan 4-Shelf Bookcase in Odessa Pine,391.4567142857143,1957.2835714285716
O'Sullivan 5-Shelf Heavy-Duty Bookcases,135.201,676.005
O'Sullivan Cherrywood Estates Traditional Barrister Bookcase,536.172,2680.86
O'Sullivan Cherrywood Estates Traditional Bookcase,212.45000000000002,1062.25
"O'Sullivan Elevations Bookcase, Cherry Finish",382.4616,1912.308
O'Sullivan Living Dimensions 2-Shelf Bookcases,297.0059,1485.0295
O'Sullivan Living Dimensions 3-Shelf Bookcases,740.2763333333332,3701.381666666666
O'Sullivan Living Dimensions 5-Shelf Bookcases,570.1283999999999,2850.642
O'Sullivan Manor Hill 2-Door Library in Brianna Oak,411.72950000000003,2058.6475
O'Sullivan Plantations 2-Door Library in Landvery Oak,589.2733599999999,2946.3668
"OIC #2 Pencils, Medium Soft",4.404571428571429,22.022857142857145
OIC Binder Clips,18.309142857142856,91.54571428571428
"OIC Binder Clips, Mini, 1/4"" Capacity, Black",3.1247999999999996,15.623999999999999
OIC Bulk Pack Metal Binder Clips,11.517,57.584999999999994
"OIC Colored Binder Clips, Assorted Sizes",19.945714285714285,99.72857142857143
OIC Stacking Trays,13.805333333333332,69.02666666666666
OIC Thumb-Tacks,4.332,21.66
"Office Impressions End Table, 20-1/2""H x 24""W x 20""D",1160.3632,5801.816
Office Impressions Heavy Duty Welded Shelving & Multimedia Storage Drawers,635.626,3178.13
Office Star - Contemporary Swivel Chair with Padded Adjustable Arms and Flex Back,569.962,2849.81
Office Star - Contemporary Task Swivel Chair,307.04466666666667,1535.2233333333334
"Office Star - Contemporary Task Swivel chair with 2-way adjustable arms, Plum",347.097,1735.485
"Office Star - Contemporary Task Swivel chair with Loop Arms, Charcoal",408.94866666666667,2044.7433333333333
Office Star - Ergonomic Mid Back Chair with 2-Way Adjustable Arms,1103.978,5519.89
Office Star - Ergonomically Designed Knee Chair,187.41085714285714,937.0542857142857
Office Star - Mesh Screen back chair with Vinyl seat,314.352,1571.7599999999998
Office Star - Mid Back Dual function Ergonomic High Back Chair with 2-Way Adjustable Arms,837.0959999999999,4185.48
Office Star - Professional Matrix Back Chair with 2-to-1 Synchro Tilt and Mesh Fabric Seat,1096.8125,5484.0625
Office Star - Task Chair with Contemporary Loop Arms,300.23400000000004,1501.17
Office Star Flex Back Scooter Chair with Aluminum Finish Frame,308.7234,1543.6170000000002
Office Star Flex Back Scooter Chair with White Frame,253.66857142857143,1268.3428571428572
Okidata B400 Printer,514.8,2574.0
Okidata B401 Printer,179.991,899.955
Okidata C331dn Printer,642.1600000000001,3210.8
Okidata C610n Printer,1005.95,5029.75
Okidata MB491 Multifunction Printer,1422.1499999999999,7110.749999999999
Okidata MB760 Printer,3917.2,19586.0
Ooma Telo VoIP Home Phone System,403.168,2015.8400000000001
OtterBox Commuter Series Case - Samsung Galaxy S4,96.2115,481.0575
OtterBox Commuter Series Case - iPhone 5 & 5s,71.4675,357.3375
OtterBox Defender Series Case - Samsung Galaxy S4,86.22125,431.10625
OtterBox Defender Series Case - iPhone 5c,66.564,332.81999999999994
PNY Rapid USB Car Charger - Black,9.588,47.94
"Padded Folding Chairs, Black, 4/Carton",228.7685,1143.8425
Panasonic Business Telephones KX-T7736,546.06,2730.2999999999997
Panasonic KP-150 Electric Pencil Sharpener,150.96,754.8000000000001
Panasonic KP-310 Heavy-Duty Electric Pencil Sharpener,98.91,494.54999999999995
Panasonic KP-350BK Electric Pencil Sharpener with Auto Stop,41.496,207.48000000000002
Panasonic KP-380BK Classic Electric Pencil Sharpener,117.53466666666667,587.6733333333333
Panasonic KP-4ABK Battery-Operated Pencil Sharpener,58.56,292.8
Panasonic KX - TS880B Telephone,123.66,618.3
Panasonic KX MB2061 Multifunction Printer,2396.4,11982.0
Panasonic KX MC6040 Color Laser Multifunction Printer,809.91,4049.5499999999997
Panasonic KX T7731-B Digital phone,229.97699999999998,1149.8849999999998
Panasonic KX T7736-B Digital phone,251.916,1259.58
Panasonic KX TS208W Corded phone,237.1116,1185.558
Panasonic KX TS3282B Corded phone,196.77599999999998,983.8799999999999
Panasonic KX TS3282W Corded phone,237.972,1189.8600000000001
Panasonic KX-TG6844B Expandable Digital Cordless Telephone,162.14685714285716,810.7342857142858
Panasonic KX-TG9471B,711.1637142857144,3555.818571428572
Panasonic KX-TG9541B DECT 6.0 Digital 2-Line Expandable Cordless Phone With Digital Answering System,611.9592,3059.7960000000003
Panasonic Kx-TS550,120.888,604.44
Park Ridge Embossed Executive Business Envelopes,62.28,311.4
Pastel Pink Envelopes,21.84,109.2
PayAnywhere Card Reader,39.96,199.8
Peel & Seel Envelopes,15.714,78.57000000000001
"Peel & Seel Recycled Catalog Envelopes, Brown",44.004,220.01999999999998
Peel & Stick Add-On Corner Pockets,5.430857142857143,27.154285714285713
Peel-Off China Markers,41.13857142857143,205.69285714285715
Pencil and Crayon Sharpener,7.3365,36.6825
Penpower WorldCard Pro Card Scanner,91.475,457.375
"Performers Binder/Pad Holder, Black",76.38175,381.90875
"Perixx PERIBOARD-512B, Ergonomic Split Keyboard",139.96,699.8000000000001
"Perma STOR-ALL Hanging File Box, 13 1/8""W x 12 1/4""D x 10 1/2""H",22.5745,112.8725
Permanent Self-Adhesive File Folder Labels for Typewriters by Universal,7.395,36.974999999999994
"Permanent Self-Adhesive File Folder Labels for Typewriters, 1 1/8 x 3 1/2, White",25.62,128.1
Personal Creations Ink Jet Cards and Labels,80.36,401.8
Personal File Boxes with Fold-Down Carry Handle,35.5224,177.612
"Personal Filing Tote with Lid, Black/Gray",57.387,286.935
"Personal Folder Holder, Ebony",24.288333333333338,121.44166666666669
Petty Cash Envelope,77.28533333333333,386.4266666666666
Pizazz Global Quick File,58.882000000000005,294.41
Plantronics 81402,211.168,1055.8400000000001
Plantronics Audio 478 Stereo USB Headset,179.964,899.8199999999999
Plantronics Audio 995 Wireless Stereo Headset,478.2825,2391.4125000000004
"Plantronics CS 50-USB - headset - Convertible, Monaural",333.1755,1665.8775
Plantronics CS510 - Over-the-Head monaural Wireless Headset System,1082.236,5411.18
Plantronics Calisto P620-M USB Wireless Speakerphone System,627.168,3135.84
Plantronics Cordless Phone Headset with In-line Volume - M214C,151.45000000000002,757.2500000000001
Plantronics Encore H101 Dual Earpieces Headset,106.59571428571428,532.9785714285714
Plantronics HL10 Handset Lifter,742.3359999999999,3711.6799999999994
Plantronics MX500i Earset,88.35428571428572,441.7714285714286
Plantronics S12 Corded Telephone Headset System,373.672,1868.3600000000001
Plantronics Savi W720 Multi-Device Wireless Headset System,1338.1842857142856,6690.921428571428
Plantronics Single Ear Headset,29.925,149.625
Plantronics Voyager Pro HD - Bluetooth Headset,244.36239999999998,1221.812
Plantronics Voyager Pro Legend,453.17800000000005,2265.8900000000003
Plastic Binding Combs,53.934000000000005,269.67
Plastic Stacking Crates & Casters,8.928,44.64
Plymouth Boxed Rubber Bands by Plymouth,15.4488,77.244
Poly Designer Cover & Back,64.566,322.83000000000004
Poly String Tie Envelopes,6.194181818181818,30.97090909090909
Polycom CX300 Desktop Phone USB VoIP phone,335.97760000000005,1679.8880000000004
Polycom CX600 IP Phone VoIP phone,1154.8075000000001,5774.0375
Polycom SoundPoint IP 450 VoIP phone,639.9366666666666,3199.683333333333
Polycom SoundPoint Pro SE-225 Corded phone,475.96000000000004,2379.8
Polycom SoundStation2 EX Conference phone,992.1274999999999,4960.6375
Polycom VVX 310 VoIP phone,778.45675,3892.2837500000005
Polycom VoiceStation 500 Conference phone,731.476,3657.38
Portable Personal File Box,37.444,187.22000000000003
Portfile Personal File Boxes,49.559999999999995,247.79999999999998
"Post-it “Important Message” Note Pad, Neon Colors, 50 Sheets/Pad",31.304000000000002,156.52
PowerGen Dual USB Car Charger,31.968000000000004,159.84000000000003
Prang Colored Pencils,12.935999999999998,64.67999999999999
Prang Drawing Pencil Set,9.098181818181818,45.490909090909085
Prang Dustless Chalk Sticks,4.872,24.36
Premier Automatic Letter Opener,567.2732,2836.366
Premier Electric Letter Opener,330.20099999999996,1651.0049999999999
"Premier Elliptical Ring Binder, Black",63.5435,317.71750000000003
Premium Transparent Presentation Covers by GBC,75.3182,376.591
"Premium Transparent Presentation Covers, No Pattern/Clear, 8 1/2"" x 11""",99.72,498.6
"Premium Writing Pencils, Soft, #2 by Central Association for the Blind",11.66457142857143,58.322857142857146
"Pressboard Covers with Storage Hooks, 9 1/2"" x 11"", Light Blue",8.551583333333333,42.75791666666667
"Pressboard Data Binder, Crimson, 12"" X 8 1/2""",11.036000000000001,55.18000000000001
Pressboard Data Binders by Wilson Jones,12.4155,62.0775
Pressboard Hanging Data Binders for Unburst Sheets,11.2668,56.334
Presstex Flexible Ring Binders,11.6025,58.012499999999996
Prestige Round Ring Binders,10.716,53.58
Prismacolor Color Pencil Set,66.13333333333334,330.6666666666667
Project Tote Personal File,48.403499999999994,242.01749999999998
PureGear Roll-On Screen Protector,114.34279999999998,571.7139999999999
Pyle PMP37LED,359.0026,1795.013
Pyle PRT45 Retro Home Telephone,201.568,1007.84
QVS USB Car Charger 2-Port 2.1Amp for iPod/iPhone/iPad/iPad 2/iPad 3,15.845999999999998,79.22999999999999
Quality Park Security Envelopes,60.191,300.95500000000004
"Quartet Alpha White Chalk, 12/Pack",7.734999999999999,38.675
"Quartet Omega Colored Chalk, 12/Pack",11.513142857142856,57.56571428571428
RCA H5401RE1 DECT 6.0 4-Line Cordless Handset With Caller ID/Call Waiting,239.97,1199.85
RCA ViSYS 25423RE1 Corded phone,159.984,799.9200000000001
RCA ViSYS 25425RE1 Corded phone,323.976,1619.88
RCA ViSYS 25825 Wireless digital phone,363.972,1819.86
RCA Visys Integrated PBX 8-Line Router,217.04760000000002,1085.238
"REDIFORM Incoming/Outgoing Call Register, 11"" X 8 1/2"", 100 Messages",35.2365,176.1825
"RSVP Cards & Envelopes, Blank White, 8-1/2"" X 11"", 24 Cards/25 Envelopes/Set",10.7696,53.848
Razer Kraken 7.1 Surround Sound Over Ear USB Gaming Headset,459.954,2299.77
Razer Kraken PRO Over Ear PC and Music Headset,269.96625,1349.83125
Razer Tiamat Over Ear 7.1 Surround Sound PC Gaming Headset,731.392,3656.96
"Recycled Data-Pak for Archival Bound Computer Printouts, 12-1/2 x 12-1/2 x 16",324.0312,1620.156
"Recycled Desk Saver Line ""While You Were Out"" Book, 5 1/2"" X 4""",53.7,268.5
Recycled Easel Ring Binders,34.316,171.58
Recycled Eldon Regeneration Jumbo File,39.296,196.48
"Recycled Interoffice Envelopes with Re-Use-A-Seal Closure, 10 x 13",34.14,170.7
"Recycled Interoffice Envelopes with String and Button Closure, 10 x 13",58.7755,293.8775
Recycled Premium Regency Composition Covers,36.672,183.35999999999999
Recycled Pressboard Report Cover with Reinforced Top Hinge,8.721,43.605000000000004
Recycled Steel Personal File for Hanging File Folders,175.5053333333333,877.5266666666665
Recycled Steel Personal File for Standard File Folders,313.31,1566.55
"Redi-Strip #10 Envelopes, 4 1/8 x 9 1/2",13.317142857142857,66.58571428571429
"Rediform S.O.S. 1-Up Phone Message Bk, 4-1/4x3-1/16 Bk, 1 Form/Pg, 40 Messages/Bk, 3/Pk",39.396,196.98000000000002
Rediform S.O.S. Phone Message Books,19.92,99.60000000000001
Rediform Voice Mail Log Books,14.602,73.01
"Rediform Wirebound ""Phone Memo"" Message Book, 11 x 5-3/4",22.0032,110.01599999999999
Regeneration Desk Collection,7.1808000000000005,35.904
Revere Boxed Rubber Bands by Revere,8.001,40.004999999999995
Ricoh - Ink Collector Unit for GX3000 Series Printers,155.215,776.075
Riverleaf Stik-Withit Designer Note Cubes,27.3632,136.816
"Riverside Furniture Oval Coffee Table, Oval End Table, End Table with Drawer",889.235,4446.175
Riverside Furniture Stanwyck Manor Table Series,305.97333333333336,1529.8666666666668
"Riverside Palais Royal Lawyers Bookcase, Royale Cherry Finish",3122.19312,15610.9656
Rogers Deluxe File Chest,55.499500000000005,277.4975
Rogers Handheld Barrel Pencil Sharpener,10.803428571428572,54.01714285714286
"Rogers Jumbo File, Granite",46.172000000000004,230.86
Rogers Profile Extra Capacity Storage Tub,74.13428571428571,370.6714285714286
Rosewill 107 Normal Keys USB Wired Standard Keyboard,35.047999999999995,175.23999999999998
Round Ring Binders,4.992,24.96
Round Specialty Laser Printer Labels,70.16799999999999,350.84
Rubber Band Ball,14.586,72.93
"Rubbermaid ClusterMat Chairmats, Mat Size- 66"" x 60"", Lip 20"" x 11"" -90 Degree Angle",412.8456,2064.228
"Rush Hierlooms Collection 1"" Thick Stackable Bookcases",621.93975,3109.69875
Rush Hierlooms Collection Rich Wood Bookcases,244.68959999999998,1223.4479999999999
SAFCO Arco Folding Chair,890.2138461538462,4451.069230769232
SAFCO Boltless Steel Shelving,470.4696,2352.348
"SAFCO Commercial Wire Shelving, 72h",289.05280000000005,1445.2640000000001
"SAFCO Commercial Wire Shelving, Black",419.9456,2099.728
SAFCO Folding Chair Trolley,235.10666666666668,1175.5333333333333
"SAFCO Mobile Desk Side File, Wire Frame",155.005,775.025
SAFCO Optional Arm Kit for Workspace Cribbage Stacking Chair,49.0176,245.08800000000002
"SAFCO PlanMaster Boards, 60w x 37-1/2d, White Melamine",595.8008,2979.004
"SAFCO PlanMaster Heigh-Adjustable Drafting Table Base, 43w x 30d x 30-37h, Black",747.823,3739.115
SANFORD Liquid Accent Tank-Style Highlighters,4.733333333333333,23.666666666666668
SANFORD Major Accent Highlighters,29.938285714285712,149.69142857142856
"SKILCRAFT Telephone Shoulder Rest, 2"" x 6.5"" x 2.5"", Black",18.721333333333334,93.60666666666667
Sabrent 4-Port USB 2.0 Hub,24.1045,120.52250000000001
"Safco Chair Connectors, 6/Carton",220.298,1101.49
Safco Commercial Shelving,96.74080000000001,483.70400000000006
Safco Contoured Stacking Chairs,712.22,3561.1000000000004
Safco Drafting Table,159.70499999999998,798.5249999999999
Safco Industrial Shelving,165.424,827.12
Safco Industrial Wire Shelving,272.6116,1363.058
Safco Industrial Wire Shelving System,313.88100000000003,1569.4050000000002
Safco Steel Mobile File Cart,136.7104,683.5519999999999
"Safco Value Mate Series Steel Bookcases, Baked Enamel Finish on Steel, Gray",143.143,715.715
"Safco Value Mate Steel Bookcase, Baked Enamel Finish on Steel, Black",267.358,1336.79
"Safco Wire Cube Shelving System, For Use as 4 or 5 14"" Cubes, Black",101.696,508.48
Samsung Convoy 3,344.069,1720.345
Samsung Galaxy Mega 6.3,2323.9446666666668,11619.723333333333
Samsung Galaxy Note 2,2253.951,11269.755000000001
Samsung Galaxy Note 3,718.634,3593.17
Samsung Galaxy S III - 16GB - pebble blue (T-Mobile),1189.9660000000001,5949.830000000001
Samsung Galaxy S4,1226.9404,6134.701999999999
Samsung Galaxy S4 Active,1999.96,9999.8
Samsung Galaxy S4 Mini,1221.974,6109.87
Samsung HM1900 Bluetooth Headset,70.24,351.2
Samsung Replacement EH64AVFWE Premium Headset,20.9,104.5
Samsung Rugby III,173.22375,866.11875
SanDisk Cruzer 16 GB USB Flash Drive,35.970666666666666,179.85333333333332
SanDisk Cruzer 32 GB USB Flash Drive,60.23,301.15
SanDisk Cruzer 4 GB USB Flash Drive,12.98,64.9
SanDisk Cruzer 64 GB USB Flash Drive,131.5591111111111,657.7955555555554
SanDisk Cruzer 8 GB USB Flash Drive,27.168,135.84
SanDisk Ultra 16 GB MicroSDHC Class 10 Memory Card,47.13514285714286,235.6757142857143
SanDisk Ultra 32 GB MicroSDHC Class 10 Memory Card,80.36363636363636,401.8181818181818
SanDisk Ultra 64 GB MicroSDHC Class 10 Memory Card,154.62800000000001,773.1400000000001
Sanford 52201 APSCO Electric Pencil Sharpener,141.34650000000002,706.7325000000001
"Sanford Colorific Colored Pencils, 12/Box",14.6304,73.152
"Sanford Colorific Eraseable Coloring Pencils, 12 Count",11.479999999999999,57.39999999999999
"Sanford Colorific Scented Colored Pencils, 12/Pack",23.540000000000003,117.70000000000002
"Sanford EarthWrite Recycled Pencils, Medium Soft, #2",9.799999999999999,48.99999999999999
Sanford Liquid Accent Highlighters,29.9264,149.632
Sanford Pocket Accent Highlighters,5.6,28.0
"Sanford Prismacolor Professional Thick Lead Art Pencils, 36-Color Set",69.88799999999999,349.43999999999994
"Sanford Uni-Blazer View Highlighters, Chisel Tip, Yellow",10.266666666666666,51.33333333333333
"Sanitaire Vibra Groomer IR Commercial Upright Vacuum, Replacement Belts",13.0,65.0
Sannysis Cute Owl Design Soft Skin Case Cover for Samsung Galaxy S4,6.93,34.65
Sanyo 2.5 Cubic Foot Mid-Size Office Refrigerators,1119.24,5596.2
"Sanyo Counter Height Refrigerator with Crisper, 3.6 Cubic Foot, Stainless Steel/Black",1968.8400000000001,9844.2
Satellite Sectional Post Binders,110.89281818181817,554.4640909090908
Sauder Barrister Bookcases,251.57786666666667,1257.8893333333333
"Sauder Camden County Barrister Bookcase, Planked Cherry Finish",354.87466666666666,1774.3733333333332
"Sauder Camden County Collection Libraries, Planked Cherry Finish",272.8311142857143,1364.1555714285714
Sauder Camden County Collection Library,684.1310000000001,3420.6550000000007
Sauder Cornerstone Collection Library,107.39733333333334,536.9866666666667
"Sauder Facets Collection Library, Sky Alder Finish",356.92075,1784.60375
"Sauder Facets Collection Locker/File Cabinet, Sky Alder Finish",853.254,4266.27
"Sauder Forest Hills Library with Doors, Woodland Oak Finish",338.058,1690.29
"Sauder Forest Hills Library, Woodland Oak Finish",468.7585,2343.7925
Sauder Inglewood Library Bookcases,430.8696,2154.348
"Sauder Mission Library with Doors, Fruitwood Finish",311.7324,1558.6619999999998
Security-Tint Envelopes,18.166222222222224,90.83111111111111
Seidio BD2-HK3IPH5-BK DILEX Case and Holster Combo for Apple iPhone 5/5s - Black,90.96266666666668,454.8133333333334
Self-Adhesive Address Labels for Typewriters by Universal,21.93,109.65
Self-Adhesive Address Labels for Typewriters with Dispenser Box,13.284,66.42
Self-Adhesive Removable Labels,13.125,65.625
Self-Adhesive Ring Binder Labels,5.72,28.599999999999998
Sensible Storage WireTech Storage Systems,310.53749999999997,1552.6874999999998
Serrated Blade or Curved Handle Hand Letter Openers,11.932,59.660000000000004
"Seth Thomas 12"" Clock w/ Goldtone Case",130.22,651.1
"Seth Thomas 13 1/2"" Wall Clock",63.296800000000005,316.48400000000004
"Seth Thomas 14"" Day/Date Wall Clock",84.3008,421.50399999999996
"Seth Thomas 14"" Putty-Colored Wall Clock",89.487,447.43499999999995
"Seth Thomas 16"" Steel Case Clock",88.34559999999999,441.72799999999995
"Seth Thomas 8 1/2"" Cubicle Clock",52.728,263.64
Sharp 1540cs Digital Laser Copier,628.5600000000001,3142.8
Sharp AL-1530CS Digital Copier,1599.968,7999.84
Shocksock Galaxy S4 Armband,21.17,105.85000000000001
ShoreTel ShorePhone IP 230 VoIP phone,726.657,3633.2850000000003
"SimpliFile Personal File, Black Granite, 15w x 6-15/16d x 11-1/4h",43.41375,217.06875
"Situations Contoured Folding Chairs, 4/Set",242.7516,1213.758
"SlimView Poly Binder, 3/8""",16.798,83.99
"SmartStand Mobile Device Holder, Assorted Colors",15.378,76.89
Smead Adjustable Mobile File Trolley with Lockable Top,1592.9219999999998,7964.609999999999
Smead Alpha-Z Color-Coded Name Labels First Letter Starter Set,15.5625,77.8125
Smead Alpha-Z Color-Coded Second Alphabetical Labels and Starter Set,9.6096,48.048
"Snap-A-Way Black Print Carbonless Ruled Speed Letter, Triplicate",169.46533333333332,847.3266666666666
"Snap-A-Way Black Print Carbonless Speed Message, No Reply Area, Duplicate",93.248,466.24
Socket Bluetooth Cordless Hand Scanner (CHS),506.28,2531.3999999999996
Sony 16GB Class 10 Micro SDHC R40 Memory Card,47.693,238.46499999999997
Sony 32GB Class 10 Micro SDHC R40 Memory Card,62.85,314.25
Sony 64GB Class 10 Micro SDHC R40 Memory Card,99.97222222222223,499.86111111111114
Sony 8GB Class 10 Micro SDHC R40 Memory Card,27.192,135.96
Sony Micro Vault Click 16 GB USB 2.0 Flash Drive,165.48155555555556,827.4077777777778
Sony Micro Vault Click 4 GB USB 2.0 Flash Drive,83.64,418.2
Sony Micro Vault Click 8 GB USB 2.0 Flash Drive,145.66899999999998,728.3449999999999
"Sortfiler Multipurpose Personal File Organizer, Black",80.569,402.845
Southworth 100% Cotton The Best Paper,50.512,252.56
"Southworth 100% Résumé Paper, 24lb.",37.56628571428571,187.83142857142855
Southworth 25% Cotton Antique Laid Paper & Envelopes,48.372,241.86
Southworth 25% Cotton Granite Paper & Envelopes,12.644,63.22
Southworth 25% Cotton Linen-Finish Paper & Envelopes,41.676,208.38
Southworth 25% Cotton Premium Laser Paper and Envelopes,105.4944,527.472
Southworth Parchment Paper & Envelopes,14.1264,70.632
Southworth Structures Collection,36.4,182.0
Space Solutions Commercial Steel Shelving,303.855,1519.275
Space Solutions HD Industrial Steel Shelving.,379.401,1897.005
Space Solutions Industrial Galvanized Steel Shelving.,173.35999999999999,866.8
Speck Products Candyshell Flip Case,47.2365,236.1825
"Speediset Carbonless Redi-Letter 7"" x 8 1/2""",40.208999999999996,201.045
Spigen Samsung Galaxy S5 Case Wallet,46.892399999999995,234.462
SpineVue Locking Slant-D Ring Binders by Cardinal,13.824250000000001,69.12125
Spiral Phone Message Books with Labels by Adams,15.008,75.03999999999999
Square Credit Card Reader,24.832285714285714,124.16142857142857
"Square Credit Card Reader, 4 1/2"" x 4 1/2"" x 1"", White",39.5604,197.80200000000002
"Square Ring Data Binders, Rigid 75 Pt. Covers, 11"" x 14-7/8""",47.76685714285714,238.8342857142857
Stackable Trays,9.328000000000001,46.64000000000001
"Stacking Tray, Side-Loading, Legal, Smoke",11.648,58.239999999999995
Stacking Trays by OIC,12.118,60.59
Standard Line “While You Were Out” Hardbound Telephone Message Book,105.50399999999999,527.52
Standard Rollaway File with Lock,659.4954,3297.477
Stanley Bostitch Contemporary Electric Pencil Sharpeners,39.29657142857143,196.48285714285717
Stanley Contemporary Battery Pencil Sharpeners,73.425,367.125
Staple envelope,35.65217021276596,178.2608510638298
Staple holder,40.675384615384615,203.37692307692308
Staple magnet,28.23688888888889,141.18444444444444
Staple remover,14.616000000000001,73.08000000000001
Staple-based wall hangings,26.393,131.965
Staple-on labels,10.750800000000002,53.754000000000005
Staples,16.42326086956522,82.11630434782609
Staples in misc. colors,25.536666666666665,127.68333333333332
Star Micronics TSP100 TSP143LAN Receipt Printer,1035.8,5179.0
Star Micronics TSP800 TSP847IIU Receipt Printer,643.425,3217.125
StarTech.com 10/100 VDSL2 Ethernet Extender Kit,582.6625,2913.3125
Steel Personal Filing/Posting Tote,187.4928,937.4639999999999
Sterilite Officeware Hinged File Box,31.44,157.20000000000002
Sterilite Show Offs Storage Containers,15.628800000000002,78.144
Sterling Rubber Bands by Alliance,9.891,49.455
Stiletto Hand Letter Openers,34.08,170.39999999999998
Stockwell Gold Paper Clips,4.048,20.240000000000002
Stockwell Push Pins,8.72,43.6
Storex Dura Pro Binders,16.387411764705885,81.93705882352943
Storex DuraTech Recycled Plastic Frosted Binders,11.766,58.83
Storex Flexible Poly Binders with Double Pockets,3.608,18.04
"Strathmore #10 Envelopes, Ultimate White",158.13,790.65
Strathmore Photo Frame Cards,29.240000000000002,146.20000000000002
Strathmore Photo Mount Cards,27.270666666666667,136.35333333333332
"Stride Job 150 Highlighters, Chisel Tip, Assorted Colors",17.94,89.7
"Stur-D-Stor Shelving, Vertical 5-Shelf: 72""H x 36""W x 18 1/2""D",510.508,2552.54
"Super Bands, 12/Pack",8.370000000000001,41.85000000000001
Super Decoflex Portable Personal File,35.952,179.76
Surelock Post Binders,81.748,408.74
Swingline SM12-08 MicroCut Jam Free Shredder,786.647,3933.235
"TOPS ""Important Message"" Pads, Canary, 4-1/4 x 5-1/2, 50 Sheets per Pad",23.397333333333336,116.98666666666668
"TOPS 4 x 6 Fluorescent Color Memo Sheets, 500 Sheets per Pack",34.163999999999994,170.81999999999996
"TOPS Carbonless Receipt Book, Four 2-3/4 x 7-1/4 Money Receipts per Page",101.616,508.08
"TOPS Money Receipt Book, Consecutively Numbered in Red,",44.055,220.275
"TOPS Voice Message Log Book, Flash Format",16.50133333333333,82.50666666666666
"TRENDnet 56K USB 2.0 Phone, Internet and Fax Modem",125.30760000000001,626.538
"Telephone Message Books with Fax/Mobile Section, 4 1/4"" x 6""",17.040000000000003,85.20000000000002
"Telephone Message Books with Fax/Mobile Section, 5 1/2"" x 3 3/16""",16.51,82.55000000000001
Telescoping Adjustable Floor Lamp,23.988,119.94
"Tenex ""The Solids"" Textured Chair Mats",209.87999999999997,1049.3999999999999
"Tenex 46"" x 60"" Computer Anti-Static Chairmat, Rectangular Shaped",323.99600000000004,1619.9800000000002
Tenex Antistatic Computer Chair Mats,552.8353333333333,2764.1766666666667
Tenex B1-RE Series Chair Mats for Low Pile Carpets,151.734,758.6700000000001
"Tenex Carpeted, Granite-Look or Clear Contemporary Contour Shape Chair Mats",152.73359999999997,763.6679999999999
"Tenex Chairmat w/ Average Lip, 45"" x 53""",514.624,2573.12
Tenex Chairmats For Use With Carpeted Floors,43.945,219.725
Tenex Chairmats For Use with Hard Floors,77.952,389.76
"Tenex Contemporary Contur Chairmats for Low and Medium Pile Carpet, Computer, 39"" x 49""",252.69549999999998,1263.4775
"Tenex File Box, Personal Filing Tote with Lid, Black",48.302571428571426,241.51285714285711
"Tenex Personal Filing Tote With Secure Closure Lid, Black/Frost",55.836,279.18
"Tenex Personal Project File with Scoop Front Design, Black",54.594,272.97
"Tenex Personal Self-Stacking Standard File Box, Black/Gray",45.9952,229.976
"Tenex Traditional Chairmats for Hard Floors, Average Lip, 36"" x 48""",90.23,451.15000000000003
"Tenex Traditional Chairmats for Medium Pile Carpet, Standard Lip, 36"" x 48""",220.36166666666668,1101.8083333333334
"Tenex V2T-RE Standard Weight Series Chair Mat, 45"" x 53"", Lip 25"" x 12""",156.15599999999998,780.7799999999999
Tennsco 16-Compartment Lockers with Coat Rack,1503.1047999999998,7515.523999999999
Tennsco 6- and 18-Compartment Lockers,1007.646,5038.23
Tennsco Commercial Shelving,41.583999999999996,207.92
Tennsco Double-Tier Lockers,802.5713333333333,4012.8566666666666
Tennsco Industrial Shelving,142.38244444444445,711.9122222222222
"Tennsco Lockers, Gray",67.136,335.67999999999995
"Tennsco Lockers, Sand",80.773,403.865
Tennsco Regal Shelving Units,441.1335,2205.6675
Tennsco Single-Tier Lockers,1144.787,5723.935
"Tennsco Snap-Together Open Shelving Units, Starter Sets and Add-On Units",1136.552,5682.759999999999
"Tennsco Stur-D-Stor Boltless Shelving, 5 Shelves, 24"" Deep, Sand",626.292,3131.46
"Tensor ""Hersey Kiss"" Styled Floor Lamp",31.176,155.88
Tensor Brushed Steel Torchiere Floor Lamp,36.528499999999994,182.64249999999998
Tensor Computer Mounted Lamp,70.19571428571429,350.97857142857146
Tensor Track Tree Floor Lamp,74.9625,374.8125
Texas Instrument TI-15 Fraction Calculator,20.9525,104.7625
Texas Instruments TI-34 Scientific Calculator,68.169,340.84499999999997
Things To Do Today Pad,19.790285714285716,98.95142857142858
Things To Do Today Spiral Book,27.456,137.28
Tops Green Bar Computer Printout Paper,114.19333333333333,570.9666666666667
Tops White Computer Printout Paper,171.185,855.925
Tops Wirebound Message Log Books,12.282666666666666,61.41333333333333
Toshiba IPT2010-SD IP Telephone,451.7175,2258.5874999999996
Translucent Push Pins by OIC,8.184,40.919999999999995
"Trav-L-File Heavy-Duty Shuttle II, Black",170.54542857142857,852.7271428571429
Trimflex Flexible Post Binders,86.589,432.945
Tripp Lite Isotel 6 Outlet Surge Protector with Fax/Modem Protection,207.298,1036.49
Tripp Lite Isotel 8 Ultra 8 Outlet Metal Surge,274.4173333333334,1372.0866666666668
Tripp Lite TLP810NET Broadband Surge for Modem/Fax,156.9876,784.9379999999999
Tuf-Vin Binders,95.6422857142857,478.21142857142854
Tuff Stuff Recycled Round Ring Binders,8.943777777777777,44.718888888888884
Turquoise Lead Holder with Pocket Clip,12.506666666666668,62.53333333333334
"Tyvek  Top-Opening Peel & Seel  Envelopes, Gray",203.66,1018.3
"Tyvek  Top-Opening Peel & Seel Envelopes, Plain White",81.53999999999999,407.69999999999993
"Tyvek Interoffice Envelopes, 9 1/2"" x 12 1/2"", 100/Box",187.8184,939.092
Tyvek Side-Opening Peel & Seel Expanding Envelopes,253.344,1266.72
Ultra Commercial Grade Dual Valve Door Closer,63.824,319.12
"Ultra Door Kickplate, 8""H x 34""W",79.12,395.6
Ultra Door Pull Handle,47.971199999999996,239.856
Ultra Door Push Plate,21.323428571428572,106.61714285714285
UniKeep View Case Binders,5.7702,28.851
Universal Premium White Copier/Laser Paper (20Lb. and 87 Bright),25.8336,129.168
"Universal Recycled Hanging Pressboard Report Binders, Letter Size",15.7335,78.66749999999999
"Universal Ultra Bright White Copier/Laser Paper, 8 1/2"" x 11"", Ream",15.552,77.75999999999999
Unpadded Memo Slips,9.154,45.769999999999996
V7 USB Numeric Keypad,115.467,577.335
VTech DS6151,343.32275,1716.61375
VariCap6 Expandable Binder,40.943333333333335,204.71666666666667
"Verbatim 25 GB 6x Blu-ray Single Layer Recordable Disc, 1/Pack",27.813333333333333,139.06666666666666
"Verbatim 25 GB 6x Blu-ray Single Layer Recordable Disc, 10/Pack",30.134000000000004,150.67000000000002
"Verbatim 25 GB 6x Blu-ray Single Layer Recordable Disc, 25/Pack",49.6584,248.292
"Verbatim 25 GB 6x Blu-ray Single Layer Recordable Disc, 3/Pack",30.756,153.78
"Verbatim Slim CD and DVD Storage Cases, 50/Pack",20.195,100.975
"Vinyl Coated Wire Paper Clips in Organizer Box, 800/Box",37.023,185.115
Vinyl Sectional Post Binders,81.055,405.27500000000003
"Vtech AT&T CL2940 Corded Speakerphone, Black",71.976,359.88
Vtech CS6719,375.73228571428575,1878.6614285714288
WD My Passport Ultra 1TB Portable External Hard Drive,167.9,839.5
WD My Passport Ultra 2TB Portable External Hard Drive,499.8,2499.0
WD My Passport Ultra 500GB Portable External Hard Drive,177.0,885.0
Wasp CCD Handheld Bar Code Reader,336.51,1682.55
Wausau Papers Astrobrights Colored Envelopes,16.744,83.72
Westinghouse Clip-On Gooseneck Lamps,31.061999999999998,155.31
"Westinghouse Floor Lamp with Metal Mesh Shade, Black",41.9825,209.91250000000002
"Westinghouse Mesh Shade Clip-On Gooseneck Lamp, Black",42.42,212.10000000000002
Weyerhaeuser First Choice Laser/Copy Paper (20Lb. and 88 Bright),31.103999999999996,155.51999999999998
"While You Were Out Pads, 50 per Pad, 4 x 5 1/4, Green Cycle",12.534500000000001,62.67250000000001
"White Business Envelopes with Contemporary Seam, Recycled White Business Envelopes",56.15866666666667,280.79333333333335
White Computer Printout Paper by Universal,159.885,799.425
"White Dual Perf Computer Printout Paper, 2700 Sheets, 1 Part, Heavyweight, 20 lbs., 14 7/8 x 11",151.663,758.315
"White Envelopes, White Envelopes with Clear Poly Window",64.05,320.25
White GlueTop Scratch Pads,93.24799999999999,466.23999999999995
Wi-Ex zBoost YX540 Cellular Phone Signal Booster,413.52500000000003,2067.625
Wilson Electronics DB Pro Signal Booster,887.8399999999999,4439.2
"Wilson Jones 1"" Hanging DublLock Ring Binders",12.848,64.24000000000001
Wilson Jones 14 Line Acrylic Coated Pressboard Data Binders,25.098,125.49
Wilson Jones Active Use Binders,19.170666666666666,95.85333333333332
Wilson Jones Century Plastic Molded Ring Binders,59.309888888888885,296.5494444444444
"Wilson Jones Clip & Carry Folder Binder Tool for Ring Binders, Clear",22.91,114.55
Wilson Jones Custom Binder Spines & Labels,5.906285714285715,29.531428571428574
Wilson Jones DublLock D-Ring Binders,17.8875,89.4375
Wilson Jones Easy Flow II Sheet Lifters,4.29,21.45
"Wilson Jones Elliptical Ring 3 1/2"" Capacity Binders, 800 sheets",104.325,521.625
Wilson Jones Four-Pocket Poly Binders,15.5325,77.66250000000001
Wilson Jones Hanging Recycled Pressboard Data Binders,16.323999999999998,81.61999999999999
"Wilson Jones Hanging View Binder, White, 1""",20.488571428571426,102.44285714285712
Wilson Jones Heavy-Duty Casebound Ring Binders with Metal Hinges,92.37333333333333,461.8666666666667
Wilson Jones Impact Binders,14.964444444444446,74.82222222222222
Wilson Jones International Size A4 Ring Binders,24.961428571428574,124.80714285714286
Wilson Jones Leather-Like Binders with DublLock Round Rings,19.86075,99.30375
"Wilson Jones Ledger-Size, Piano-Hinge Binder, 2"", Blue",109.15581818181818,545.7790909090909
Wilson Jones Legal Size Ring Binders,59.12866666666667,295.6433333333333
Wilson Jones Standard D-Ring Binders,12.08075,60.40375
Wilson Jones Suede Grain Vinyl Binders,5.467333333333333,27.336666666666666
Wilson Jones Turn Tabs Binder Tool for Ring Binders,16.709333333333333,83.54666666666667
Wilson Jones data.warehouse D-Ring Binders with DublLock,13.3326,66.663
Wilson Jones “Snap” Scratch Pad Binder Tool for Ring Binders,20.184,100.92
Wilson SignalBoost 841262 DB PRO Amplifier Kit,887.8766666666667,4439.383333333333
"Wirebound Four 2-3/4 x 5 Forms per Page, 400 Sets per Book",19.995,99.97500000000001
"Wirebound Message Book, 4 per Page",26.374285714285715,131.87142857142857
"Wirebound Message Books, 2 7/8"" x 5"", 3 Forms per Page",36.138666666666666,180.69333333333333
"Wirebound Message Books, 5-1/2 x 4 Forms, 2 or 4 Forms per Page",24.084000000000003,120.42000000000002
"Wirebound Message Books, Four 2 3/4 x 5 Forms per Page, 200 Sets per Book",19.239,96.19500000000001
"Wirebound Message Books, Four 2 3/4 x 5 White Forms per Page",31.156285714285712,155.78142857142856
"Wirebound Message Books, Four 2 3/4"" x 5"" Forms per Page, 600 Sets per Book",25.029,125.145
"Wirebound Message Books, Two 4 1/4"" x 5"" Forms per Page",18.264,91.32
"Wirebound Message Forms, Four 2 3/4 x 5 Forms per Page, Pink Paper",17.974,89.87
"Wirebound Service Call Books, 5 1/2"" x 4""",25.168,125.84
Wirebound Voice Message Log Book,7.616,38.08
Wireless Extenders zBoost YX545 SOHO Signal Booster,577.7694285714286,2888.8471428571434
Woodgrain Magazine Files by Perma,11.522666666666666,57.61333333333333
X-Rack File for Hanging Folders,35.37533333333333,176.87666666666667
Xblue XB-1670-86 X16 Small Office Telephone - Titanium,302.376,1511.8799999999999
Xerox 188,28.836000000000002,144.18
Xerox 1880,124.7488,623.744
Xerox 1881,37.86333333333334,189.3166666666667
Xerox 1882,97.96499999999999,489.82499999999993
Xerox 1883,125.87028571428571,629.3514285714285
Xerox 1884,67.932,339.66
Xerox 1885,192.16,960.8
Xerox 1886,130.28799999999998,651.4399999999999
Xerox 1887,59.62,298.09999999999997
Xerox 1888,205.27599999999998,1026.3799999999999
Xerox 1889,172.208,861.04
Xerox 189,297.075,1485.375
Xerox 1890,122.35,611.75
Xerox 1891,188.65285714285713,943.2642857142856
Xerox 1892,116.28,581.4
Xerox 1893,130.4227272727273,652.1136363636365
Xerox 1894,33.955200000000005,169.776
Xerox 1895,27.337142857142858,136.68571428571428
Xerox 1896,24.975,124.875
Xerox 1897,16.932000000000002,84.66000000000001
Xerox 1898,25.505454545454544,127.52727272727272
Xerox 1899,13.872,69.36
Xerox 19,103.783,518.915
Xerox 190,14.94,74.7
Xerox 1900,12.554666666666668,62.77333333333334
Xerox 1901,16.896,84.48
Xerox 1902,41.111999999999995,205.55999999999997
Xerox 1903,23.122666666666664,115.61333333333332
Xerox 1905,29.2896,146.448
Xerox 1906,156.9485714285714,784.742857142857
Xerox 1907,49.12,245.6
Xerox 1908,244.71257142857144,1223.5628571428572
Xerox 1909,107.86488888888888,539.3244444444445
Xerox 191,76.72319999999999,383.616
Xerox 1910,117.21759999999999,586.088
Xerox 1911,120.708,603.54
Xerox 1912,50.2705,251.3525
Xerox 1913,173.0976,865.488
Xerox 1914,191.26080000000002,956.3040000000001
Xerox 1915,322.41375,1612.06875
Xerox 1916,118.85428571428572,594.2714285714286
Xerox 1917,244.55,1222.75
Xerox 1918,155.04,775.1999999999999
Xerox 1919,187.52925,937.64625
Xerox 192,23.76,118.80000000000001
Xerox 1920,22.425,112.125
Xerox 1921,18.648,93.24
Xerox 1922,11.952,59.76
Xerox 1923,18.9712,94.856
Xerox 1924,15.028,75.14
Xerox 1925,79.30879999999999,396.544
Xerox 1926,34.86,174.3
Xerox 1927,13.011199999999999,65.056
Xerox 1928,31.152,155.76
Xerox 1929,87.934,439.66999999999996
Xerox 193,25.913333333333338,129.5666666666667
Xerox 1930,27.7344,138.672
Xerox 1931,26.244,131.22
Xerox 1932,85.056,425.28
Xerox 1933,58.944,294.72
Xerox 1934,219.44159999999997,1097.2079999999999
Xerox 1935,134.538,672.69
Xerox 1936,51.948,259.74
Xerox 1937,124.904,624.52
Xerox 1938,268.24,1341.2
Xerox 1939,83.46799999999999,417.3399999999999
Xerox 194,110.96000000000001,554.8000000000001
Xerox 1940,153.888,769.44
Xerox 1941,348.102,1740.5099999999998
Xerox 1942,99.51133333333333,497.5566666666666
Xerox 1943,185.858,929.29
Xerox 1944,95.608,478.04
Xerox 1945,213.148,1065.74
Xerox 1946,26.352,131.76
Xerox 1947,27.2688,136.344
Xerox 1948,49.95000000000001,249.75000000000006
Xerox 1949,15.793714285714287,78.96857142857144
Xerox 195,20.541,102.705
Xerox 1950,16.569333333333333,82.84666666666666
Xerox 1951,116.48479999999999,582.424
Xerox 1952,29.215999999999998,146.07999999999998
Xerox 1953,11.77,58.849999999999994
Xerox 1954,21.12,105.60000000000001
Xerox 1955,91.36,456.8
Xerox 1956,44.85,224.25
Xerox 1957,15.984,79.92
Xerox 1958,16.200000000000003,81.00000000000001
Xerox 1959,22.266666666666666,111.33333333333333
Xerox 196,11.559999999999999,57.8
Xerox 1960,146.63866666666667,733.1933333333334
Xerox 1962,15.652571428571429,78.26285714285714
Xerox 1963,17.424,87.12
Xerox 1964,144.34879999999998,721.7439999999999
Xerox 1965,14.053,70.265
Xerox 1966,13.176,65.88
Xerox 1967,17.884800000000002,89.424
Xerox 1968,33.132799999999996,165.664
Xerox 1969,11.56,57.800000000000004
Xerox 197,167.292,836.46
Xerox 1970,16.932,84.66
Xerox 1971,22.0848,110.424
Xerox 1972,9.2928,46.464
Xerox 1973,84.50800000000001,422.5400000000001
Xerox 1974,14.352,71.76
Xerox 1975,13.996800000000002,69.98400000000001
Xerox 1976,18.144,90.72
Xerox 1977,23.5136,117.568
Xerox 1978,21.8195,109.09750000000001
Xerox 1979,109.46266666666668,547.3133333333334
Xerox 198,25.232,126.16
Xerox 1980,17.12,85.60000000000001
Xerox 1981,17.688,88.44
Xerox 1982,79.17866666666667,395.8933333333334
Xerox 1983,14.950000000000001,74.75
Xerox 1984,12.96,64.80000000000001
Xerox 1985,12.96,64.80000000000001
Xerox 1986,21.375999999999998,106.88
Xerox 1987,23.12,115.60000000000001
Xerox 1988,122.5431111111111,612.7155555555555
Xerox 1989,7.968,39.84
Xerox 199,14.338,71.69
Xerox 1990,18.48,92.4
Xerox 1991,95.928,479.64
Xerox 1992,21.528000000000002,107.64000000000001
Xerox 1993,18.468,92.34
Xerox 1994,19.116,95.58
Xerox 1995,19.180799999999998,95.904
Xerox 1996,22.032,110.16
Xerox 1997,23.698285714285714,118.49142857142857
Xerox 1998,23.328,116.64
Xerox 1999,14.070857142857145,70.35428571428572
Xerox 2,15.264000000000001,76.32000000000001
Xerox 20,6.48,32.400000000000006
Xerox 200,16.848000000000003,84.24000000000001
Xerox 2000,16.848000000000003,84.24000000000001
Xerox 201,22.032,110.16
Xerox 202,21.384,106.92
Xerox 203,23.976,119.88
Xerox 204,27.54,137.7
Xerox 205,37.584,187.92000000000002
Xerox 206,12.182400000000001,60.912000000000006
Xerox 207,20.088,100.44
Xerox 208,27.216,136.08
Xerox 209,37.584,187.92000000000002
Xerox 21,17.773714285714284,88.86857142857141
Xerox 210,15.984,79.92
Xerox 211,26.244,131.22
Xerox 212,20.18057142857143,100.90285714285714
Xerox 213,18.576,92.88
Xerox 214,23.904,119.52
Xerox 215,19.44,97.2
Xerox 216,29.808,149.04
Xerox 217,18.954,94.77000000000001
Xerox 218,9.8496,49.248000000000005
Xerox 219,24.3,121.5
Xerox 22,25.056,125.28
Xerox 220,18.144000000000002,90.72000000000001
Xerox 221,24.624,123.11999999999999
Xerox 222,19.25485714285714,96.2742857142857
Xerox 223,19.44,97.2
Xerox 224,15.984,79.92
Xerox 225,21.888,109.44000000000001
Xerox 226,30.39709090909091,151.98545454545456
Xerox 227,15.066,75.33
Xerox 228,24.3,121.5
Xerox 229,28.512,142.56
Xerox 23,26.956799999999998,134.784
Xerox 230,25.4016,127.008
Xerox 231,15.811200000000003,79.05600000000001
Xerox 232,30.131999999999998,150.66
Xerox 4200 Series MultiUse Premium Copy Paper (20Lb. and 84 Bright),17.424,87.12
Xerox Blank Computer Paper,99.9,499.5
"Xerox Color Copier Paper, 11"" x 17"", Ream",98.97333333333334,494.86666666666673
Xerox WorkCentre 6505DN Laser Multifunction Printer,2519.958,12599.79
Xiaomi Mi3,2279.96,11399.8
"XtraLife ClearVue Slant-D Ring Binder, White, 3""",38.6084,193.04200000000003
XtraLife ClearVue Slant-D Ring Binders by Cardinal,14.582400000000002,72.912
Zebra GK420t Direct Thermal/Thermal Transfer Printer,703.71,3518.55
Zebra GX420t Direct Thermal/Thermal Transfer Printer,1929.118333333333,9645.591666666665
Zebra ZM400 Thermal Label Printer,3482.8500000000004,17414.25
Zebra Zazzle Fluorescent Highlighters,16.82133333333333,84.10666666666665
Zipper Ring Binder Pockets,6.288,31.44
i.Sound Portable Power - 8000 mAh,82.6644,413.322
iHome FM Clock Radio with Lightning Dock,139.98,699.9
"iKross Bluetooth Portable Keyboard + Cell Phone Stand Holder + Brush for Apple iPhone 5S 5C 5, 4S 4",95.53200000000001,477.6600000000001
iOttie HLCRIO102 Car Mount,43.178399999999996,215.892
iOttie XL Car Mount,111.94399999999999,559.7199999999999
invisibleSHIELD by ZAGG Smudge-Free Screen Protector,63.221999999999994,316.10999999999996
netTALK DUO VoIP Telephone Service,158.96971428571428,794.8485714285714
